H_panicea_OTU_4	233_scaffold4,112625,f24Z112625,1_28896_29594_+_gene_type=bacteria	PF08238	Sel1 repeat	5.8e-09	Sel1	Sel1	MKKLVALWTIAFTLFAGMPALADLYQGWEKYQANDFAGALAEFQPLADEGDAVAQFFMALMHANGQGVKQDDKKVVEWYTKSAEQGYPLAQNNLGVLYQNGQGVEQNYETALEWYRAAVQNDLADAQTNLGVMYANGHGVTQDFVEAFKWFKLAAEQGDVRSQFNLGFMYDSGQGVEKDIKYAYMWVAIAGASGHENGDEAIELLEKEMTKREIRQAKRLVRGCTNKEFKGC
H_panicea_OTU_4	233_scaffold4,112625,f24Z112625,1_28896_29594_+_gene_type=bacteria	PF08238	Sel1 repeat	4.8e-05	Sel1	Sel1	MKKLVALWTIAFTLFAGMPALADLYQGWEKYQANDFAGALAEFQPLADEGDAVAQFFMALMHANGQGVKQDDKKVVEWYTKSAEQGYPLAQNNLGVLYQNGQGVEQNYETALEWYRAAVQNDLADAQTNLGVMYANGHGVTQDFVEAFKWFKLAAEQGDVRSQFNLGFMYDSGQGVEKDIKYAYMWVAIAGASGHENGDEAIELLEKEMTKREIRQAKRLVRGCTNKEFKGC
H_panicea_OTU_4	233_scaffold4,112625,f24Z112625,1_28896_29594_+_gene_type=bacteria	PF08238	Sel1 repeat	0.018	-	-	MKKLVALWTIAFTLFAGMPALADLYQGWEKYQANDFAGALAEFQPLADEGDAVAQFFMALMHANGQGVKQDDKKVVEWYTKSAEQGYPLAQNNLGVLYQNGQGVEQNYETALEWYRAAVQNDLADAQTNLGVMYANGHGVTQDFVEAFKWFKLAAEQGDVRSQFNLGFMYDSGQGVEKDIKYAYMWVAIAGASGHENGDEAIELLEKEMTKREIRQAKRLVRGCTNKEFKGC
H_panicea_OTU_4	233_scaffold4,112625,f24Z112625,1_28896_29594_+_gene_type=bacteria	PF08238	Sel1 repeat	2.2e-06	Sel1	Sel1	MKKLVALWTIAFTLFAGMPALADLYQGWEKYQANDFAGALAEFQPLADEGDAVAQFFMALMHANGQGVKQDDKKVVEWYTKSAEQGYPLAQNNLGVLYQNGQGVEQNYETALEWYRAAVQNDLADAQTNLGVMYANGHGVTQDFVEAFKWFKLAAEQGDVRSQFNLGFMYDSGQGVEKDIKYAYMWVAIAGASGHENGDEAIELLEKEMTKREIRQAKRLVRGCTNKEFKGC
H_panicea_OTU_4	71_scaffold5,109559,f1Z109559,1_82329_83174_+_gene_type=bacteria	PF08238	Sel1 repeat	1.6e-09	Sel1	Sel1	MGCVKYESNTKVWKMKKCVALLIVWVAFATAPAFADLAKAWVAYTKGDYVTALAEWQPLAEQGSASAQHFLGLMYYNGHGVPQDYKQAVKWYRLSAEQGDKDSQFNLALLYDKGEGIPQDYKEAVKWYKLSAEQGDVDAQNNLGFMYANDEGVPQDYKQAAKWYTLSAEQENSLAQFNLGLMYRKGQGVLQDYKEAVKWWRLSAEQGNAGAQSNLGVMYNNGQGVLQDYVRAHMWYNIAASNGEETGIKNRDSVAEEMTPSQIEKAQDLARECTKKNYKEC
H_panicea_OTU_4	71_scaffold5,109559,f1Z109559,1_82329_83174_+_gene_type=bacteria	PF08238	Sel1 repeat	7.1e-08	Sel1	Sel1	MGCVKYESNTKVWKMKKCVALLIVWVAFATAPAFADLAKAWVAYTKGDYVTALAEWQPLAEQGSASAQHFLGLMYYNGHGVPQDYKQAVKWYRLSAEQGDKDSQFNLALLYDKGEGIPQDYKEAVKWYKLSAEQGDVDAQNNLGFMYANDEGVPQDYKQAAKWYTLSAEQENSLAQFNLGLMYRKGQGVLQDYKEAVKWWRLSAEQGNAGAQSNLGVMYNNGQGVLQDYVRAHMWYNIAASNGEETGIKNRDSVAEEMTPSQIEKAQDLARECTKKNYKEC
H_panicea_OTU_4	71_scaffold5,109559,f1Z109559,1_82329_83174_+_gene_type=bacteria	PF08238	Sel1 repeat	1.4e-05	Sel1	Sel1	MGCVKYESNTKVWKMKKCVALLIVWVAFATAPAFADLAKAWVAYTKGDYVTALAEWQPLAEQGSASAQHFLGLMYYNGHGVPQDYKQAVKWYRLSAEQGDKDSQFNLALLYDKGEGIPQDYKEAVKWYKLSAEQGDVDAQNNLGFMYANDEGVPQDYKQAAKWYTLSAEQENSLAQFNLGLMYRKGQGVLQDYKEAVKWWRLSAEQGNAGAQSNLGVMYNNGQGVLQDYVRAHMWYNIAASNGEETGIKNRDSVAEEMTPSQIEKAQDLARECTKKNYKEC
H_panicea_OTU_4	71_scaffold5,109559,f1Z109559,1_82329_83174_+_gene_type=bacteria	PF08238	Sel1 repeat	1.8e-05	Sel1	Sel1	MGCVKYESNTKVWKMKKCVALLIVWVAFATAPAFADLAKAWVAYTKGDYVTALAEWQPLAEQGSASAQHFLGLMYYNGHGVPQDYKQAVKWYRLSAEQGDKDSQFNLALLYDKGEGIPQDYKEAVKWYKLSAEQGDVDAQNNLGFMYANDEGVPQDYKQAAKWYTLSAEQENSLAQFNLGLMYRKGQGVLQDYKEAVKWWRLSAEQGNAGAQSNLGVMYNNGQGVLQDYVRAHMWYNIAASNGEETGIKNRDSVAEEMTPSQIEKAQDLARECTKKNYKEC
H_panicea_OTU_4	71_scaffold5,109559,f1Z109559,1_82329_83174_+_gene_type=bacteria	PF08238	Sel1 repeat	1.4e-07	Sel1	Sel1	MGCVKYESNTKVWKMKKCVALLIVWVAFATAPAFADLAKAWVAYTKGDYVTALAEWQPLAEQGSASAQHFLGLMYYNGHGVPQDYKQAVKWYRLSAEQGDKDSQFNLALLYDKGEGIPQDYKEAVKWYKLSAEQGDVDAQNNLGFMYANDEGVPQDYKQAAKWYTLSAEQENSLAQFNLGLMYRKGQGVLQDYKEAVKWWRLSAEQGNAGAQSNLGVMYNNGQGVLQDYVRAHMWYNIAASNGEETGIKNRDSVAEEMTPSQIEKAQDLARECTKKNYKEC
H_panicea_OTU_4	347_scaffold3,127152,f42Z127152,1_36071_37513_-_gene_type=bacteria	PF13360	PQQ-like domain	3.7e-35	PQQ_2	PQQ	VSLLCLLGCMAVAGLTACQPKQEILTGTRIDVRSVLETTEVDGTIEPNDSSGVVDNIATDSEGETPAVVQADQDVQSLDDTIAQLEPLEPEIIVPITLPEQTQNLNWTQRGGNAAHFTAHAALGDMPTLVWSEPIGLGSTNRLRLSADPIVTETAIFTLDSIAVLRAFDLNGGALWRQSLLPRDNSDSLDRISGGGIAFDDGRLVVTTGYGEVIALTADSGDIMWRHKLSAPASLPAVQGDFAVVIAGNRQAVALDMAQGRVVWQQETALETSGLVGTGTPAIFGDFVVLPYGTGTVSLALLDSGILLWTQALSGVRLGSARAFITAVSGDPVVARDVIYTGTQSGTASALALKTGERLWVINDGAISPILPVDNSVFMLSDENKLVRRMRDSGDLVWQRQLPLYADTLKKRGNYAHFGPVLAGGRIYVAGSDGQLRGFDPLTGELAVSIAIPMGAGSFPVVAGGVLYLVAQDGVLLAFQ
H_panicea_OTU_4	409_scaffold1,238466,f63Z238466,1_53212_54948_+_gene_type=bacteria	PF13424	Tetratricopeptide repeat	0.00027	TPR_12	TPR	MTRTKSTPLIPLLSLIISLVLSCFAVPAWGAGQAGTFLSAHQASLTEDYANAAQYFDKVLTAEPDNIFALRDYIQVLVAKGSVEQAVAIAEKLSTLNESDELSRLVLTVHAMKIGDFTAAETHLQNDAVTRKKFQQRLLLSWAKFGQNDLKESHDIIDNAGWSGRGKLFGQYNKALSFAAAGDFESARMILAGEAGGSPIPNRGGNIAYAKILYQLDRADEALALLNGFLGGTVDQELIILRDQIASKQTLIYDFVTTASQGAAEFLLSLAEEDRVFSARNILNYGRLSEYLRPNHTPTTIQIATILRNRDQLKLAVESLAKIPQSHPMFLEGEITRADILREDDKSVAAVEALQNLTRTHPDTPRVYMSLGDVYRLEERYQEAYDAYNEAKAQVLIPQANHWALYFYLGVTAERIDKWQQAEAHLRKALELSPDHPSVLNYLGYSLVERDANLAEAQKMIETASQQRPNDGYITDSLAWVLYRLGKFEAAVKPMEHAATLEPLDPIVNDHLGDVYWKVGRKREAYFQWRRALNFGAEEEDAVRIRQKLDFGLDYVLEQETSLIKSDLPKNGFTITRN
H_panicea_OTU_4	409_scaffold1,238466,f63Z238466,1_53212_54948_+_gene_type=bacteria	PF14559	Tetratricopeptide repeat	0.01	TPR_19	TPR	MTRTKSTPLIPLLSLIISLVLSCFAVPAWGAGQAGTFLSAHQASLTEDYANAAQYFDKVLTAEPDNIFALRDYIQVLVAKGSVEQAVAIAEKLSTLNESDELSRLVLTVHAMKIGDFTAAETHLQNDAVTRKKFQQRLLLSWAKFGQNDLKESHDIIDNAGWSGRGKLFGQYNKALSFAAAGDFESARMILAGEAGGSPIPNRGGNIAYAKILYQLDRADEALALLNGFLGGTVDQELIILRDQIASKQTLIYDFVTTASQGAAEFLLSLAEEDRVFSARNILNYGRLSEYLRPNHTPTTIQIATILRNRDQLKLAVESLAKIPQSHPMFLEGEITRADILREDDKSVAAVEALQNLTRTHPDTPRVYMSLGDVYRLEERYQEAYDAYNEAKAQVLIPQANHWALYFYLGVTAERIDKWQQAEAHLRKALELSPDHPSVLNYLGYSLVERDANLAEAQKMIETASQQRPNDGYITDSLAWVLYRLGKFEAAVKPMEHAATLEPLDPIVNDHLGDVYWKVGRKREAYFQWRRALNFGAEEEDAVRIRQKLDFGLDYVLEQETSLIKSDLPKNGFTITRN
H_panicea_OTU_4	235_scaffold4,112625,f24Z112625,1_30311_30799_+_gene_type=bacteria	PF08238	Sel1 repeat	0.0002	Sel1	Sel1	MKRFFTLCLVAVAFATAPAFGDFQTGHDAYKNKDYVTARVEWQPLAEQGDADAQYFLGKLYQNGWGVLKDDKQSARLMRLSAKQGYAKAQYNLGLLYAVGEGVSQDYDRAYKWLTLAVLNGEKKAAGIRDSIAKGMSSARIKEAKDLAKKCLADNYKGCWSL
H_panicea_OTU_4	235_scaffold4,112625,f24Z112625,1_30311_30799_+_gene_type=bacteria	PF08238	Sel1 repeat	1.1e-05	Sel1	Sel1	MKRFFTLCLVAVAFATAPAFGDFQTGHDAYKNKDYVTARVEWQPLAEQGDADAQYFLGKLYQNGWGVLKDDKQSARLMRLSAKQGYAKAQYNLGLLYAVGEGVSQDYDRAYKWLTLAVLNGEKKAAGIRDSIAKGMSSARIKEAKDLAKKCLADNYKGCWSL
H_panicea_OTU_4	1107_scaffold9,74201,f7Z74201,1_8956_9756_-_gene_type=bacteria	PF12796	Ankyrin repeats (3 copies)	7.3e-15	Ank_2	Ank	MQNGLLKMTRVGFTLLILAFGALPALGQSCAGWLDREKDYWEAITFEQVQACLDSGVNIKVKNKHGATPLFRAAEFNKDPKVIKALLDAGADANAQTNNKFTPLNAAAIGNKNPEVIKVLLDAGADVNAQNDSGWTALYWATSGNENFKVIKALLDAGANVNAQLDGTMSTPLHSAAESHEDPKVITALLDAGANVNARDHIGANPLHRAAWFNKNPEIIMTLLKAGADGTVKMKTSYKQTAFELAKKNSAIKDTDAYWALSDAQY
H_panicea_OTU_4	1107_scaffold9,74201,f7Z74201,1_8956_9756_-_gene_type=bacteria	PF13637	Ankyrin repeats (many copies)	6.9e-06	Ank_4	Ank	MQNGLLKMTRVGFTLLILAFGALPALGQSCAGWLDREKDYWEAITFEQVQACLDSGVNIKVKNKHGATPLFRAAEFNKDPKVIKALLDAGADANAQTNNKFTPLNAAAIGNKNPEVIKVLLDAGADVNAQNDSGWTALYWATSGNENFKVIKALLDAGANVNAQLDGTMSTPLHSAAESHEDPKVITALLDAGANVNARDHIGANPLHRAAWFNKNPEIIMTLLKAGADGTVKMKTSYKQTAFELAKKNSAIKDTDAYWALSDAQY
H_panicea_OTU_4	650_scaffold23,25960,f12Z25960,1_1629_3785_-_gene_type=bacteria	PF14559	Tetratricopeptide repeat	0.055	-	-	MITDPAQIPAHYQKAMSCQKAGDFAGALAIYNDIITHNPNIAEVHFQAGSIFMQVGQMEDSHKHLQIASELKPNEPAIWQKYTEVLWVLTDATRIKTALKHLSKTALPDQTKTAIRAKLDKTSQIAFAPMRGIKRSDINPLIDSLNAGDYAAAERGARALDSAHPNEPVLADIIGQALHRLGQTEPARAEFERALKIAPNFAQAYSNYGDLELDAGNFNIAIRLFHRAYGLSPKMLNPILGLGSAFARKNQWQRAIDHLQAAQKHLPKAGLIDRLIGLCYRDLKQPKQAVEHLCAARDKGIKNPDLYFHLAHAYTAIKDPQNALQSFDTALAQTPDFAAALADKGKVLLTLGQFDAAIALFKQALEIDPTEPRFYNFYVTSQKITPNDPIIKQMRGLFDDKTLADTKKADLGFSIVKALEDTKDYKHVFPYLQSANHLILKNQPYDIQTRVDEVNSLIRTFDGFDLSQFDGQGFADMTPIFVCGMPRSGTTLVEQILASHTLVEGGGEIGTTSIAIRRVLGRLDKIDFDWRGVAGDSLHAIGASIAEQLGALFPTASHITDKGISSYMQMGLILAAMPKARFIVVRRDPRDNLLSIYRNRFMENTHGYAYDLRTLGLYYNQFLRVIDFWRGLLGGQFYEVQYERLTAAPEEQARGLIDFCGLEWQEDCLNFHKTDRQINTLSLYQARQPIYQSSIKAWQRYETDLAPLFDALKEGESS
H_panicea_OTU_4	650_scaffold23,25960,f12Z25960,1_1629_3785_-_gene_type=bacteria	PF14559	Tetratricopeptide repeat	4.8e-06	TPR_19	TPR	MITDPAQIPAHYQKAMSCQKAGDFAGALAIYNDIITHNPNIAEVHFQAGSIFMQVGQMEDSHKHLQIASELKPNEPAIWQKYTEVLWVLTDATRIKTALKHLSKTALPDQTKTAIRAKLDKTSQIAFAPMRGIKRSDINPLIDSLNAGDYAAAERGARALDSAHPNEPVLADIIGQALHRLGQTEPARAEFERALKIAPNFAQAYSNYGDLELDAGNFNIAIRLFHRAYGLSPKMLNPILGLGSAFARKNQWQRAIDHLQAAQKHLPKAGLIDRLIGLCYRDLKQPKQAVEHLCAARDKGIKNPDLYFHLAHAYTAIKDPQNALQSFDTALAQTPDFAAALADKGKVLLTLGQFDAAIALFKQALEIDPTEPRFYNFYVTSQKITPNDPIIKQMRGLFDDKTLADTKKADLGFSIVKALEDTKDYKHVFPYLQSANHLILKNQPYDIQTRVDEVNSLIRTFDGFDLSQFDGQGFADMTPIFVCGMPRSGTTLVEQILASHTLVEGGGEIGTTSIAIRRVLGRLDKIDFDWRGVAGDSLHAIGASIAEQLGALFPTASHITDKGISSYMQMGLILAAMPKARFIVVRRDPRDNLLSIYRNRFMENTHGYAYDLRTLGLYYNQFLRVIDFWRGLLGGQFYEVQYERLTAAPEEQARGLIDFCGLEWQEDCLNFHKTDRQINTLSLYQARQPIYQSSIKAWQRYETDLAPLFDALKEGESS
H_panicea_OTU_4	650_scaffold23,25960,f12Z25960,1_1629_3785_-_gene_type=bacteria	PF13469	Sulfotransferase family	4.5e-32	-	-	MITDPAQIPAHYQKAMSCQKAGDFAGALAIYNDIITHNPNIAEVHFQAGSIFMQVGQMEDSHKHLQIASELKPNEPAIWQKYTEVLWVLTDATRIKTALKHLSKTALPDQTKTAIRAKLDKTSQIAFAPMRGIKRSDINPLIDSLNAGDYAAAERGARALDSAHPNEPVLADIIGQALHRLGQTEPARAEFERALKIAPNFAQAYSNYGDLELDAGNFNIAIRLFHRAYGLSPKMLNPILGLGSAFARKNQWQRAIDHLQAAQKHLPKAGLIDRLIGLCYRDLKQPKQAVEHLCAARDKGIKNPDLYFHLAHAYTAIKDPQNALQSFDTALAQTPDFAAALADKGKVLLTLGQFDAAIALFKQALEIDPTEPRFYNFYVTSQKITPNDPIIKQMRGLFDDKTLADTKKADLGFSIVKALEDTKDYKHVFPYLQSANHLILKNQPYDIQTRVDEVNSLIRTFDGFDLSQFDGQGFADMTPIFVCGMPRSGTTLVEQILASHTLVEGGGEIGTTSIAIRRVLGRLDKIDFDWRGVAGDSLHAIGASIAEQLGALFPTASHITDKGISSYMQMGLILAAMPKARFIVVRRDPRDNLLSIYRNRFMENTHGYAYDLRTLGLYYNQFLRVIDFWRGLLGGQFYEVQYERLTAAPEEQARGLIDFCGLEWQEDCLNFHKTDRQINTLSLYQARQPIYQSSIKAWQRYETDLAPLFDALKEGESS
H_panicea_OTU_4	650_scaffold23,25960,f12Z25960,1_1629_3785_-_gene_type=bacteria	PF13432	Tetratricopeptide repeat	14.0	-	-	MITDPAQIPAHYQKAMSCQKAGDFAGALAIYNDIITHNPNIAEVHFQAGSIFMQVGQMEDSHKHLQIASELKPNEPAIWQKYTEVLWVLTDATRIKTALKHLSKTALPDQTKTAIRAKLDKTSQIAFAPMRGIKRSDINPLIDSLNAGDYAAAERGARALDSAHPNEPVLADIIGQALHRLGQTEPARAEFERALKIAPNFAQAYSNYGDLELDAGNFNIAIRLFHRAYGLSPKMLNPILGLGSAFARKNQWQRAIDHLQAAQKHLPKAGLIDRLIGLCYRDLKQPKQAVEHLCAARDKGIKNPDLYFHLAHAYTAIKDPQNALQSFDTALAQTPDFAAALADKGKVLLTLGQFDAAIALFKQALEIDPTEPRFYNFYVTSQKITPNDPIIKQMRGLFDDKTLADTKKADLGFSIVKALEDTKDYKHVFPYLQSANHLILKNQPYDIQTRVDEVNSLIRTFDGFDLSQFDGQGFADMTPIFVCGMPRSGTTLVEQILASHTLVEGGGEIGTTSIAIRRVLGRLDKIDFDWRGVAGDSLHAIGASIAEQLGALFPTASHITDKGISSYMQMGLILAAMPKARFIVVRRDPRDNLLSIYRNRFMENTHGYAYDLRTLGLYYNQFLRVIDFWRGLLGGQFYEVQYERLTAAPEEQARGLIDFCGLEWQEDCLNFHKTDRQINTLSLYQARQPIYQSSIKAWQRYETDLAPLFDALKEGESS
H_panicea_OTU_4	650_scaffold23,25960,f12Z25960,1_1629_3785_-_gene_type=bacteria	PF13432	Tetratricopeptide repeat	0.84	-	-	MITDPAQIPAHYQKAMSCQKAGDFAGALAIYNDIITHNPNIAEVHFQAGSIFMQVGQMEDSHKHLQIASELKPNEPAIWQKYTEVLWVLTDATRIKTALKHLSKTALPDQTKTAIRAKLDKTSQIAFAPMRGIKRSDINPLIDSLNAGDYAAAERGARALDSAHPNEPVLADIIGQALHRLGQTEPARAEFERALKIAPNFAQAYSNYGDLELDAGNFNIAIRLFHRAYGLSPKMLNPILGLGSAFARKNQWQRAIDHLQAAQKHLPKAGLIDRLIGLCYRDLKQPKQAVEHLCAARDKGIKNPDLYFHLAHAYTAIKDPQNALQSFDTALAQTPDFAAALADKGKVLLTLGQFDAAIALFKQALEIDPTEPRFYNFYVTSQKITPNDPIIKQMRGLFDDKTLADTKKADLGFSIVKALEDTKDYKHVFPYLQSANHLILKNQPYDIQTRVDEVNSLIRTFDGFDLSQFDGQGFADMTPIFVCGMPRSGTTLVEQILASHTLVEGGGEIGTTSIAIRRVLGRLDKIDFDWRGVAGDSLHAIGASIAEQLGALFPTASHITDKGISSYMQMGLILAAMPKARFIVVRRDPRDNLLSIYRNRFMENTHGYAYDLRTLGLYYNQFLRVIDFWRGLLGGQFYEVQYERLTAAPEEQARGLIDFCGLEWQEDCLNFHKTDRQINTLSLYQARQPIYQSSIKAWQRYETDLAPLFDALKEGESS
H_panicea_OTU_4	1106_scaffold9,74201,f7Z74201,1_8268_8933_-_gene_type=bacteria	PF12796	Ankyrin repeats (3 copies)	1.2e-07	Ank_2	Ank	MTLRNTYPDWQDGGWGYWETANHEQVKNLIKGHNINEKDAHGCTPLELAIRRTFQPLVIRLLLNAGADLHTVYEGNRTPFHLVAEFNNECGIIEELLNFNADLDLDSKVNVNATDDNKNTPLHVAASCNMNRIAIITALINNGANPNIQNNDGRTPLHLLAMKNKEWDRYGIYQSVKILVRRKGVNCILEDSDKKTALYYAETNPAIKGTDAYEVLRKASK
H_panicea_OTU_4	1106_scaffold9,74201,f7Z74201,1_8268_8933_-_gene_type=bacteria	PF00023	Ankyrin repeat	25.0	-	-	MTLRNTYPDWQDGGWGYWETANHEQVKNLIKGHNINEKDAHGCTPLELAIRRTFQPLVIRLLLNAGADLHTVYEGNRTPFHLVAEFNNECGIIEELLNFNADLDLDSKVNVNATDDNKNTPLHVAASCNMNRIAIITALINNGANPNIQNNDGRTPLHLLAMKNKEWDRYGIYQSVKILVRRKGVNCILEDSDKKTALYYAETNPAIKGTDAYEVLRKASK
H_panicea_OTU_4	237_scaffold4,112625,f24Z112625,1_31280_31669_+_gene_type=bacteria	PF08238	Sel1 repeat	0.0029	Sel1	Sel1	MDDADKAHQMVKAALGDAQASFVVGMMYHGGTDGVFQNYEEAGKFLLVAANGGILNAQLHLGVMYQEGRGFPQNYIHAHMWYNIAASTGDTTGVENRDIIAKIMTPEQIAKAQDMAVEVVKPRPRAGIF
H_panicea_OTU_4	237_scaffold4,112625,f24Z112625,1_31280_31669_+_gene_type=bacteria	PF08238	Sel1 repeat	3.0	-	-	MDDADKAHQMVKAALGDAQASFVVGMMYHGGTDGVFQNYEEAGKFLLVAANGGILNAQLHLGVMYQEGRGFPQNYIHAHMWYNIAASTGDTTGVENRDIIAKIMTPEQIAKAQDMAVEVVKPRPRAGIF
H_panicea_OTU_4	1224_scaffold8,80262,f35Z80262,1_51936_53282_-_gene_type=bacteria	PF13432	Tetratricopeptide repeat	0.0012	TPR_16	TPR	MRIALSIIILTIAALLPQFATAQGLIRDTEIEHTLNRIARPLLQKAGLPESTEIFIVNSPALNAFVAPGNDIFLNYGLIKKLPTVEMLQAVMAHEIGHITGGHIIQRSLQIASTRTAAGVGILLSLATALAGAPGAGVGLAIGSTSAAERSILTNTRRQETSADQSGVKYLAQAGIDPNAAIEVLKIFQGQDLLTAHKRDPYTLTHPLSQARIQTLKTLVETHAHGVDTTRDADIDYRYGRMRAKFDGFTTAPQQALRRLDAGDTSEVATLTRAIAYHRLPDTDRAMAEITRLLRLRPNDGYYHELHGQILLENGDASGAIAAYRKAVAIYPDAPLILAGLGRALLAGNSVAGNARALAILERAYGKDPHDSRMLRDLSLAYARADKIGEAAFIAAERAALNGDFGQAVVHAKRAQGLLVKGSRVWLRAEEIIGVASEEARRRKGRRR
H_panicea_OTU_4	1224_scaffold8,80262,f35Z80262,1_51936_53282_-_gene_type=bacteria	PF01435	Peptidase family M48	2.1e-27	-	-	MRIALSIIILTIAALLPQFATAQGLIRDTEIEHTLNRIARPLLQKAGLPESTEIFIVNSPALNAFVAPGNDIFLNYGLIKKLPTVEMLQAVMAHEIGHITGGHIIQRSLQIASTRTAAGVGILLSLATALAGAPGAGVGLAIGSTSAAERSILTNTRRQETSADQSGVKYLAQAGIDPNAAIEVLKIFQGQDLLTAHKRDPYTLTHPLSQARIQTLKTLVETHAHGVDTTRDADIDYRYGRMRAKFDGFTTAPQQALRRLDAGDTSEVATLTRAIAYHRLPDTDRAMAEITRLLRLRPNDGYYHELHGQILLENGDASGAIAAYRKAVAIYPDAPLILAGLGRALLAGNSVAGNARALAILERAYGKDPHDSRMLRDLSLAYARADKIGEAAFIAAERAALNGDFGQAVVHAKRAQGLLVKGSRVWLRAEEIIGVASEEARRRKGRRR
H_panicea_OTU_4	1331_scaffold36,9417,f23Z9417,1_7994_9247_+_gene_type=bacteria	PF13374	Tetratricopeptide repeat	0.0041	TPR_10	TPR	MNEPKEQNTTIKGNDNTVNNEIHVHESSLFMQLTPEQYKRSIELERKDAVEEYKKASDAEKDELKRKIAKLDRRLADIPKAFQELKERIARLEATLEREGNEIGDEKLAEAKKSLEKGDFSKADALFAEIEAREELAVKRSARAAYARGEIAEQNVRLKEAAEHYARAAHFDPNFSTLIRAQNLAHELGDYSSALSFGIKAQNAAIKEYGEHSPQNANGLHNLAEVCLELGHTKDAERFYQDAIEINKKVFGENHPITAVSLCNLGRLYQVQERYTEAEFIHIKALNIRRNTLGDINSDTVQSINNLAGVYRDQGLPAKAEPLYKQALEICERVFEPKNHMTAICINNLALVYNLQKKYKEAQPLYQEALEIFVATFGHNHLKTKIIKTNYEENEKDLAKNKKKTRPARGAPINTNR
H_panicea_OTU_4	1331_scaffold36,9417,f23Z9417,1_7994_9247_+_gene_type=bacteria	PF13424	Tetratricopeptide repeat	1.9e-08	TPR_12	TPR	MNEPKEQNTTIKGNDNTVNNEIHVHESSLFMQLTPEQYKRSIELERKDAVEEYKKASDAEKDELKRKIAKLDRRLADIPKAFQELKERIARLEATLEREGNEIGDEKLAEAKKSLEKGDFSKADALFAEIEAREELAVKRSARAAYARGEIAEQNVRLKEAAEHYARAAHFDPNFSTLIRAQNLAHELGDYSSALSFGIKAQNAAIKEYGEHSPQNANGLHNLAEVCLELGHTKDAERFYQDAIEINKKVFGENHPITAVSLCNLGRLYQVQERYTEAEFIHIKALNIRRNTLGDINSDTVQSINNLAGVYRDQGLPAKAEPLYKQALEICERVFEPKNHMTAICINNLALVYNLQKKYKEAQPLYQEALEIFVATFGHNHLKTKIIKTNYEENEKDLAKNKKKTRPARGAPINTNR
H_panicea_OTU_4	1331_scaffold36,9417,f23Z9417,1_7994_9247_+_gene_type=bacteria	PF13424	Tetratricopeptide repeat	2.2e-16	TPR_12	TPR	MNEPKEQNTTIKGNDNTVNNEIHVHESSLFMQLTPEQYKRSIELERKDAVEEYKKASDAEKDELKRKIAKLDRRLADIPKAFQELKERIARLEATLEREGNEIGDEKLAEAKKSLEKGDFSKADALFAEIEAREELAVKRSARAAYARGEIAEQNVRLKEAAEHYARAAHFDPNFSTLIRAQNLAHELGDYSSALSFGIKAQNAAIKEYGEHSPQNANGLHNLAEVCLELGHTKDAERFYQDAIEINKKVFGENHPITAVSLCNLGRLYQVQERYTEAEFIHIKALNIRRNTLGDINSDTVQSINNLAGVYRDQGLPAKAEPLYKQALEICERVFEPKNHMTAICINNLALVYNLQKKYKEAQPLYQEALEIFVATFGHNHLKTKIIKTNYEENEKDLAKNKKKTRPARGAPINTNR
H_panicea_OTU_4	1331_scaffold36,9417,f23Z9417,1_7994_9247_+_gene_type=bacteria	PF13432	Tetratricopeptide repeat	12.0	-	-	MNEPKEQNTTIKGNDNTVNNEIHVHESSLFMQLTPEQYKRSIELERKDAVEEYKKASDAEKDELKRKIAKLDRRLADIPKAFQELKERIARLEATLEREGNEIGDEKLAEAKKSLEKGDFSKADALFAEIEAREELAVKRSARAAYARGEIAEQNVRLKEAAEHYARAAHFDPNFSTLIRAQNLAHELGDYSSALSFGIKAQNAAIKEYGEHSPQNANGLHNLAEVCLELGHTKDAERFYQDAIEINKKVFGENHPITAVSLCNLGRLYQVQERYTEAEFIHIKALNIRRNTLGDINSDTVQSINNLAGVYRDQGLPAKAEPLYKQALEICERVFEPKNHMTAICINNLALVYNLQKKYKEAQPLYQEALEIFVATFGHNHLKTKIIKTNYEENEKDLAKNKKKTRPARGAPINTNR
H_panicea_OTU_4	104_scaffold34,11308,f54Z11308,1_4011_4628_+_gene_type=bacteria	PF12796	Ankyrin repeats (3 copies)	9.3e-10	Ank_2	Ank	MQNKLLKIARMGFALVILSFGALPALAQSCEGWENEGKEYWEAITLEQIQTCLNNGADIKAQNNKGDSPLHHIASFNANPEIIKILVKAGANLNMHNELGMTPLHGAGAQSNHLEVIMALIDVGADVNAQGRYRLPNGQKQYGGWTPLHWAALDNENPEIIMIMLKAGADGKIENDIGQTPFDLAKDNAAIKGTDAYWALNEAQY
H_panicea_OTU_4	104_scaffold34,11308,f54Z11308,1_4011_4628_+_gene_type=bacteria	PF00023	Ankyrin repeat	0.064	-	-	MQNKLLKIARMGFALVILSFGALPALAQSCEGWENEGKEYWEAITLEQIQTCLNNGADIKAQNNKGDSPLHHIASFNANPEIIKILVKAGANLNMHNELGMTPLHGAGAQSNHLEVIMALIDVGADVNAQGRYRLPNGQKQYGGWTPLHWAALDNENPEIIMIMLKAGADGKIENDIGQTPFDLAKDNAAIKGTDAYWALNEAQY
H_panicea_OTU_4	390_scaffold1,238466,f63Z238466,1_32192_33508_-_gene_type=bacteria	PF04575	Surface lipoprotein assembly modifier	6.7e-22	-	-	VLKRFIIYSAFCFGAWVGILAIPAHAQSTLTAQARAQIEELMAEGQLETAFNLLQESNPSEFDVALFYARSYKVTQRFNEAIELLRRVLDEFPDNIEARRELAHNLFLARRYIPAQFHFNQLLTLDGDPEFTQIYNQFLGRIAANKRFGFSSSYSFLPSTNINRGTDNQTAGGGQLTISEESRSTSGLGIQGSLNGFWRSSGASGVRSTVTLSLSGTKYTNTDLYDTLTTSLQFNREHILTQTTRLSYGPFLRHTWRQDNRDSRSIGFQGSISENVAPRHQISLSLNIQGVDNLFDKRSNSAFFQNTVGWTYFLSPSTSLNSSINFSRNRSNGGNDAASYGGYRIGTQISRRWKGGLVTQFGIGYTTRKYVGFFGGSFGVGGIREDIVRDLSLALYHTKLSYRGFAPRISCSRSLSRSNIVFYDNQVSECLIGITQSF
H_panicea_OTU_4	390_scaffold1,238466,f63Z238466,1_32192_33508_-_gene_type=bacteria	PF14559	Tetratricopeptide repeat	0.0003	TPR_19	TPR	VLKRFIIYSAFCFGAWVGILAIPAHAQSTLTAQARAQIEELMAEGQLETAFNLLQESNPSEFDVALFYARSYKVTQRFNEAIELLRRVLDEFPDNIEARRELAHNLFLARRYIPAQFHFNQLLTLDGDPEFTQIYNQFLGRIAANKRFGFSSSYSFLPSTNINRGTDNQTAGGGQLTISEESRSTSGLGIQGSLNGFWRSSGASGVRSTVTLSLSGTKYTNTDLYDTLTTSLQFNREHILTQTTRLSYGPFLRHTWRQDNRDSRSIGFQGSISENVAPRHQISLSLNIQGVDNLFDKRSNSAFFQNTVGWTYFLSPSTSLNSSINFSRNRSNGGNDAASYGGYRIGTQISRRWKGGLVTQFGIGYTTRKYVGFFGGSFGVGGIREDIVRDLSLALYHTKLSYRGFAPRISCSRSLSRSNIVFYDNQVSECLIGITQSF
H_panicea_OTU_4	1416_scaffold40,7334,f40Z7334,1,rc+scaffold61,2969,f6Z2969,1,rc_4577_5077_+_gene_type=bacteria	PF08238	Sel1 repeat	0.0056	Sel1	Sel1	MFHRLYLIFGVLAMFGATAVFADAAGGYQAYKTGNFKQAFVEWLPVAESGNDPRIQYLVGEMYKEGKGVARDEAAAVVWFKRAAAGADLDALMTLSVMYILGEGVEADFALAYMWAAAADARGHDDAVSVMDLLDGKMGEDSGAMARSLAERCIASGYGMCDYDKP
H_panicea_OTU_4	1416_scaffold40,7334,f40Z7334,1,rc+scaffold61,2969,f6Z2969,1,rc_4577_5077_+_gene_type=bacteria	PF08238	Sel1 repeat	120.0	-	-	MFHRLYLIFGVLAMFGATAVFADAAGGYQAYKTGNFKQAFVEWLPVAESGNDPRIQYLVGEMYKEGKGVARDEAAAVVWFKRAAAGADLDALMTLSVMYILGEGVEADFALAYMWAAAADARGHDDAVSVMDLLDGKMGEDSGAMARSLAERCIASGYGMCDYDKP
H_panicea_OTU_4	1585_scaffold2,142002,f16Z142002,1,rc+scaffold17,45366,f15Z45366,1_59760_60302_-_gene_type=bacteria	PF12796	Ankyrin repeats (3 copies)	5.1e-06	Ank_2	Ank	MQLWHKTGGVARVKRIGMMGNFGKTIIVIFVWLAWFWVSPALAEGCEGWRNGQQDFWQNVNLEQVKTCLDKGADLTVYDDKYKATPLHWAASANADPSVTQALLDAGADINARARGRLTPLHVSAWMGKSPEVIMVLLRAGADGSLRSLWGSTAYRQAKNNEAINGSVAFEALKKAADKR
H_panicea_OTU_4	236_scaffold4,112625,f24Z112625,1_30816_31238_+_gene_type=bacteria	PF08238	Sel1 repeat	7.7e-08	Sel1	Sel1	MDDFEKGVVAYKKKDFGTAVSLLTPLAESGHPGAQYNLALLYANGKGVPQDYKEAAKWYTLSAEQGAPLAQNNLGLMYDEGLGIPQNYVLAHMWYNLAASNGSELAPGNRNGVAKKMTPEQIGKAQDLARKCLANNYQGY
H_panicea_OTU_4	236_scaffold4,112625,f24Z112625,1_30816_31238_+_gene_type=bacteria	PF08238	Sel1 repeat	2.4e-07	Sel1	Sel1	MDDFEKGVVAYKKKDFGTAVSLLTPLAESGHPGAQYNLALLYANGKGVPQDYKEAAKWYTLSAEQGAPLAQNNLGLMYDEGLGIPQNYVLAHMWYNLAASNGSELAPGNRNGVAKKMTPEQIGKAQDLARKCLANNYQGY
H_panicea_OTU_4	234_scaffold4,112625,f24Z112625,1_29676_30263_+_gene_type=bacteria	PF08238	Sel1 repeat	1.1e-08	Sel1	Sel1	MKRLFTICLAGVAFATTPAFADFQDGVNAFENGDFAAALAEWKPLAEQGNTDAQYNLGLMYDNGDGVAQDDTEAMKWYTLAADLGDAKAQYKLGLMYNNGKGVPQDYKEAVKWYTLSVEQGDADAQNNFGFLYSNGHGVLQDYVRAHMWYNIAASNGSEKAAENRNIISAKMTPSQIEKSQDLANECLAKNYRGC
H_panicea_OTU_4	234_scaffold4,112625,f24Z112625,1_29676_30263_+_gene_type=bacteria	PF08238	Sel1 repeat	0.00056	Sel1	Sel1	MKRLFTICLAGVAFATTPAFADFQDGVNAFENGDFAAALAEWKPLAEQGNTDAQYNLGLMYDNGDGVAQDDTEAMKWYTLAADLGDAKAQYKLGLMYNNGKGVPQDYKEAVKWYTLSVEQGDADAQNNFGFLYSNGHGVLQDYVRAHMWYNIAASNGSEKAAENRNIISAKMTPSQIEKSQDLANECLAKNYRGC
H_panicea_OTU_4	234_scaffold4,112625,f24Z112625,1_29676_30263_+_gene_type=bacteria	PF08238	Sel1 repeat	4.9e-09	Sel1	Sel1	MKRLFTICLAGVAFATTPAFADFQDGVNAFENGDFAAALAEWKPLAEQGNTDAQYNLGLMYDNGDGVAQDDTEAMKWYTLAADLGDAKAQYKLGLMYNNGKGVPQDYKEAVKWYTLSVEQGDADAQNNFGFLYSNGHGVLQDYVRAHMWYNIAASNGSEKAAENRNIISAKMTPSQIEKSQDLANECLAKNYRGC
H_panicea_OTU_4	105_scaffold34,11308,f54Z11308,1_4652_5413_+_gene_type=bacteria	PF12796	Ankyrin repeats (3 copies)	0.00014	Ank_2	Ank	MNYYDYDYNSDEGKFFRERFFDGCVKLMIEGNDDLNEQDRDGNTKLHKAVKYLETPKIIIELAQAGADMNIKNNSGNTPLHLAIIHRKDTEITTALLKHGADIMIRSSNERNNEYTPLHLAAEYNENPEIIHILGQHKKSDVKRSDFVNARAEFGYTPIHRAAVSNKNPKVLIELILLGADVNGRGDSGSTPLHLATEWGEFSENILYLIALGADGTAKDNEGCKPMSCIRENLCLSDRAKDALHKAAYPDRD
H_panicea_OTU_4	105_scaffold34,11308,f54Z11308,1_4652_5413_+_gene_type=bacteria	PF12796	Ankyrin repeats (3 copies)	8.6e-11	Ank_2	Ank	MNYYDYDYNSDEGKFFRERFFDGCVKLMIEGNDDLNEQDRDGNTKLHKAVKYLETPKIIIELAQAGADMNIKNNSGNTPLHLAIIHRKDTEITTALLKHGADIMIRSSNERNNEYTPLHLAAEYNENPEIIHILGQHKKSDVKRSDFVNARAEFGYTPIHRAAVSNKNPKVLIELILLGADVNGRGDSGSTPLHLATEWGEFSENILYLIALGADGTAKDNEGCKPMSCIRENLCLSDRAKDALHKAAYPDRD
H_panicea_OTU_4	903_scaffold46,5082,f39Z5082,1_2903_3802_-_gene_type=bacteria	PF14559	Tetratricopeptide repeat	1.6e-07	TPR_19	TPR	MLDLNTPAPATDIIKTASEATFMADVIEASKTTPVIVIFTAPMREPCRTLTPALESEVTAAKGKIKLVKLDVDKSPRIAQSLRVQSIPAVFAFVNGQPIDGFMGAKTPSEVKTFVAGLLGGAPDDGLEQAVEEAQKMLDAGDTASAIEVFAAVRGEDPANIPAFIGLVRAHIAAEDMDSARDILAQATPDLMADAGVIALAAQMDLIDQARGVGDIIALRVAVDKNPNDFAAQFDLALAELAAQRPEAAMDALLAIFARDATWNDGAAKDQLLKIFESLGADNELAQAGRRRLASIIFS
H_panicea_OTU_4	903_scaffold46,5082,f39Z5082,1_2903_3802_-_gene_type=bacteria	PF00085	Thioredoxin	8.3e-12	-	-	MLDLNTPAPATDIIKTASEATFMADVIEASKTTPVIVIFTAPMREPCRTLTPALESEVTAAKGKIKLVKLDVDKSPRIAQSLRVQSIPAVFAFVNGQPIDGFMGAKTPSEVKTFVAGLLGGAPDDGLEQAVEEAQKMLDAGDTASAIEVFAAVRGEDPANIPAFIGLVRAHIAAEDMDSARDILAQATPDLMADAGVIALAAQMDLIDQARGVGDIIALRVAVDKNPNDFAAQFDLALAELAAQRPEAAMDALLAIFARDATWNDGAAKDQLLKIFESLGADNELAQAGRRRLASIIFS
H_panicea_OTU_4	903_scaffold46,5082,f39Z5082,1_2903_3802_-_gene_type=bacteria	PF14561	Tetratricopeptide repeat	1.4e-22	TPR_20	TPR	MLDLNTPAPATDIIKTASEATFMADVIEASKTTPVIVIFTAPMREPCRTLTPALESEVTAAKGKIKLVKLDVDKSPRIAQSLRVQSIPAVFAFVNGQPIDGFMGAKTPSEVKTFVAGLLGGAPDDGLEQAVEEAQKMLDAGDTASAIEVFAAVRGEDPANIPAFIGLVRAHIAAEDMDSARDILAQATPDLMADAGVIALAAQMDLIDQARGVGDIIALRVAVDKNPNDFAAQFDLALAELAAQRPEAAMDALLAIFARDATWNDGAAKDQLLKIFESLGADNELAQAGRRRLASIIFS
H_panicea_OTU_4	252_scaffold4,112625,f24Z112625,1_46010_46924_+_gene_type=bacteria	PF08238	Sel1 repeat	2.4e-07	Sel1	Sel1	MKKLVALLIVTFAFATTPAFSADLEKGWHAYEEGDYATALQEFSPLAEEGNLIAQYYLGLMYHYGQGVAQDIKQAVKWYTLTAEQGFAMAQYNLGLMYYNGLGVVQDYKQAVKWFTLSSEQGDVLAQYNLGLMYDKGQGVVQDYRQAEKWYRLSAEQGYAKAQASLGLLYYNGQGVPQDYKTAVKWYRLSSEQGDAQAQVNLGLMYNKGLGVVQDYKQAVKWYTLSAEQGDAQAQANLGVMYAIGKGVSQDYFRAHMWANLAASNGNKNGIKGRDLIAKEMTPVQIEKAQDLARACVAKNYKGC
H_panicea_OTU_4	252_scaffold4,112625,f24Z112625,1_46010_46924_+_gene_type=bacteria	PF08238	Sel1 repeat	1.5e-07	Sel1	Sel1	MKKLVALLIVTFAFATTPAFSADLEKGWHAYEEGDYATALQEFSPLAEEGNLIAQYYLGLMYHYGQGVAQDIKQAVKWYTLTAEQGFAMAQYNLGLMYYNGLGVVQDYKQAVKWFTLSSEQGDVLAQYNLGLMYDKGQGVVQDYRQAEKWYRLSAEQGYAKAQASLGLLYYNGQGVPQDYKTAVKWYRLSSEQGDAQAQVNLGLMYNKGLGVVQDYKQAVKWYTLSAEQGDAQAQANLGVMYAIGKGVSQDYFRAHMWANLAASNGNKNGIKGRDLIAKEMTPVQIEKAQDLARACVAKNYKGC
H_panicea_OTU_4	252_scaffold4,112625,f24Z112625,1_46010_46924_+_gene_type=bacteria	PF08238	Sel1 repeat	4.1e-07	Sel1	Sel1	MKKLVALLIVTFAFATTPAFSADLEKGWHAYEEGDYATALQEFSPLAEEGNLIAQYYLGLMYHYGQGVAQDIKQAVKWYTLTAEQGFAMAQYNLGLMYYNGLGVVQDYKQAVKWFTLSSEQGDVLAQYNLGLMYDKGQGVVQDYRQAEKWYRLSAEQGYAKAQASLGLLYYNGQGVPQDYKTAVKWYRLSSEQGDAQAQVNLGLMYNKGLGVVQDYKQAVKWYTLSAEQGDAQAQANLGVMYAIGKGVSQDYFRAHMWANLAASNGNKNGIKGRDLIAKEMTPVQIEKAQDLARACVAKNYKGC
H_panicea_OTU_4	252_scaffold4,112625,f24Z112625,1_46010_46924_+_gene_type=bacteria	PF08238	Sel1 repeat	1.9e-08	Sel1	Sel1	MKKLVALLIVTFAFATTPAFSADLEKGWHAYEEGDYATALQEFSPLAEEGNLIAQYYLGLMYHYGQGVAQDIKQAVKWYTLTAEQGFAMAQYNLGLMYYNGLGVVQDYKQAVKWFTLSSEQGDVLAQYNLGLMYDKGQGVVQDYRQAEKWYRLSAEQGYAKAQASLGLLYYNGQGVPQDYKTAVKWYRLSSEQGDAQAQVNLGLMYNKGLGVVQDYKQAVKWYTLSAEQGDAQAQANLGVMYAIGKGVSQDYFRAHMWANLAASNGNKNGIKGRDLIAKEMTPVQIEKAQDLARACVAKNYKGC
H_panicea_OTU_4	252_scaffold4,112625,f24Z112625,1_46010_46924_+_gene_type=bacteria	PF08238	Sel1 repeat	0.00056	Sel1	Sel1	MKKLVALLIVTFAFATTPAFSADLEKGWHAYEEGDYATALQEFSPLAEEGNLIAQYYLGLMYHYGQGVAQDIKQAVKWYTLTAEQGFAMAQYNLGLMYYNGLGVVQDYKQAVKWFTLSSEQGDVLAQYNLGLMYDKGQGVVQDYRQAEKWYRLSAEQGYAKAQASLGLLYYNGQGVPQDYKTAVKWYRLSSEQGDAQAQVNLGLMYNKGLGVVQDYKQAVKWYTLSAEQGDAQAQANLGVMYAIGKGVSQDYFRAHMWANLAASNGNKNGIKGRDLIAKEMTPVQIEKAQDLARACVAKNYKGC
H_panicea_OTU_4	252_scaffold4,112625,f24Z112625,1_46010_46924_+_gene_type=bacteria	PF08238	Sel1 repeat	1.9e-07	Sel1	Sel1	MKKLVALLIVTFAFATTPAFSADLEKGWHAYEEGDYATALQEFSPLAEEGNLIAQYYLGLMYHYGQGVAQDIKQAVKWYTLTAEQGFAMAQYNLGLMYYNGLGVVQDYKQAVKWFTLSSEQGDVLAQYNLGLMYDKGQGVVQDYRQAEKWYRLSAEQGYAKAQASLGLLYYNGQGVPQDYKTAVKWYRLSSEQGDAQAQVNLGLMYNKGLGVVQDYKQAVKWYTLSAEQGDAQAQANLGVMYAIGKGVSQDYFRAHMWANLAASNGNKNGIKGRDLIAKEMTPVQIEKAQDLARACVAKNYKGC
