H_sitiens_OTU_7	1781_scaffold3,102281,f4Z102281_1_28655_28945_+_gene_type=bacteria	PF08238	Sel1 repeat	3.1	-	-	VRVLVLLVLLWSGFSFGETSELDGLRSQADQGDATAQFILGVIYDSGIRVSEDDKEAVKWYRLAADQGYATAQNNLGGMYLNGEGVPEDKVAGYAC
H_sitiens_OTU_7	1781_scaffold3,102281,f4Z102281_1_28655_28945_+_gene_type=bacteria	PF08238	Sel1 repeat	2.6e-05	Sel1	Sel1	VRVLVLLVLLWSGFSFGETSELDGLRSQADQGDATAQFILGVIYDSGIRVSEDDKEAVKWYRLAADQGYATAQNNLGGMYLNGEGVPEDKVAGYAC
H_sitiens_OTU_7	1298_scaffold5,85873,f8Z85873_1_74781_76550_-_gene_type=bacteria	PF00515	Tetratricopeptide repeat	9.3e-07	TPR_1	TPR	MNDALLTDILANFHFLRPEWFYALIPAVLLFTLLRYRQSHHSNWEKAIDPHLLPHILDNPNKVVSKSPLSLLLFAWILATIAISGPVWRKTAQPVHEREDALVVILDLTRSMLATDVKPNRLVRAKRKLIDLLELREEGVTALIVFAGDAHVVSPLTDDTKTIAAMIPALSPDIVPAPGSALAPALVKAVNLFRDGGTASGRILIITDEIRDVVASQRVVREYRNTYPVSVMSVGTPEGAPVAMVSGRPEAGFLKDARGNMVVPNLNAKSLKDFADLAGGRYSPMTLTEEDLAYLLAEQPLAQNDAYHELERDFDVWFEEGPWLLLLLLPLAALGFRRGWVWGIALVLILPTEDAKASLWDDLWKTRDQQALQAMAEGDVEAAAGLFENPEWKATANYRSENFEDAASQYGGVNTADAKYNLGNAFAKQGLLDEAIEAYDQALTLDPASEDAQFNKALVVQLLEQLKEQQENQDQDGEESEYSEGQQGEEQEATSAEEQEDSLQELSEEEKAQQEEDQEEEEEGEEQTVYKPAEEETDPLDEEEKQALQQWLRRVPDEPGGLLRRKFQMQYEERLREGKVSSNDSTTDW
H_sitiens_OTU_7	1298_scaffold5,85873,f8Z85873_1_74781_76550_-_gene_type=bacteria	PF13519	von Willebrand factor type A domain	1.9e-11	-	-	MNDALLTDILANFHFLRPEWFYALIPAVLLFTLLRYRQSHHSNWEKAIDPHLLPHILDNPNKVVSKSPLSLLLFAWILATIAISGPVWRKTAQPVHEREDALVVILDLTRSMLATDVKPNRLVRAKRKLIDLLELREEGVTALIVFAGDAHVVSPLTDDTKTIAAMIPALSPDIVPAPGSALAPALVKAVNLFRDGGTASGRILIITDEIRDVVASQRVVREYRNTYPVSVMSVGTPEGAPVAMVSGRPEAGFLKDARGNMVVPNLNAKSLKDFADLAGGRYSPMTLTEEDLAYLLAEQPLAQNDAYHELERDFDVWFEEGPWLLLLLLPLAALGFRRGWVWGIALVLILPTEDAKASLWDDLWKTRDQQALQAMAEGDVEAAAGLFENPEWKATANYRSENFEDAASQYGGVNTADAKYNLGNAFAKQGLLDEAIEAYDQALTLDPASEDAQFNKALVVQLLEQLKEQQENQDQDGEESEYSEGQQGEEQEATSAEEQEDSLQELSEEEKAQQEEDQEEEEEGEEQTVYKPAEEETDPLDEEEKQALQQWLRRVPDEPGGLLRRKFQMQYEERLREGKVSSNDSTTDW
H_sitiens_OTU_7	1785_scaffold3,102281,f4Z102281_1_32033_32902_+_gene_type=bacteria	PF08238	Sel1 repeat	2.4e-07	Sel1	Sel1	MFVQVLEVLARLRSRFSSGETPGPDEIRSKAEQGDATAQYNLGVMYAKGRGVPENGKEAVKWYRLAAEQGVADAQYNLGLIYANGVGMPEDDKEAVKWYRLAADQGVVDAQKNLAAMYLNSRGVLEDDKEAAKWYRLAADQGDAEAQYNLGLMYATGRGVPEDDKEAVKWYRLAADQGVASAQSNLGGMYANGRGVPEDDKEAVKWYRLAADQGNAIAQSNMGVMYASGSGVPEDKVLGYMWANLAGANGVDVSKLKKDLAEQMTKADISKAEDLTRQYIKDNPAVLSK
H_sitiens_OTU_7	1785_scaffold3,102281,f4Z102281_1_32033_32902_+_gene_type=bacteria	PF08238	Sel1 repeat	2.5e-08	Sel1	Sel1	MFVQVLEVLARLRSRFSSGETPGPDEIRSKAEQGDATAQYNLGVMYAKGRGVPENGKEAVKWYRLAAEQGVADAQYNLGLIYANGVGMPEDDKEAVKWYRLAADQGVVDAQKNLAAMYLNSRGVLEDDKEAAKWYRLAADQGDAEAQYNLGLMYATGRGVPEDDKEAVKWYRLAADQGVASAQSNLGGMYANGRGVPEDDKEAVKWYRLAADQGNAIAQSNMGVMYASGSGVPEDKVLGYMWANLAGANGVDVSKLKKDLAEQMTKADISKAEDLTRQYIKDNPAVLSK
H_sitiens_OTU_7	1785_scaffold3,102281,f4Z102281_1_32033_32902_+_gene_type=bacteria	PF08238	Sel1 repeat	5.9e-05	Sel1	Sel1	MFVQVLEVLARLRSRFSSGETPGPDEIRSKAEQGDATAQYNLGVMYAKGRGVPENGKEAVKWYRLAAEQGVADAQYNLGLIYANGVGMPEDDKEAVKWYRLAADQGVVDAQKNLAAMYLNSRGVLEDDKEAAKWYRLAADQGDAEAQYNLGLMYATGRGVPEDDKEAVKWYRLAADQGVASAQSNLGGMYANGRGVPEDDKEAVKWYRLAADQGNAIAQSNMGVMYASGSGVPEDKVLGYMWANLAGANGVDVSKLKKDLAEQMTKADISKAEDLTRQYIKDNPAVLSK
H_sitiens_OTU_7	1785_scaffold3,102281,f4Z102281_1_32033_32902_+_gene_type=bacteria	PF08238	Sel1 repeat	3.7e-08	Sel1	Sel1	MFVQVLEVLARLRSRFSSGETPGPDEIRSKAEQGDATAQYNLGVMYAKGRGVPENGKEAVKWYRLAAEQGVADAQYNLGLIYANGVGMPEDDKEAVKWYRLAADQGVVDAQKNLAAMYLNSRGVLEDDKEAAKWYRLAADQGDAEAQYNLGLMYATGRGVPEDDKEAVKWYRLAADQGVASAQSNLGGMYANGRGVPEDDKEAVKWYRLAADQGNAIAQSNMGVMYASGSGVPEDKVLGYMWANLAGANGVDVSKLKKDLAEQMTKADISKAEDLTRQYIKDNPAVLSK
H_sitiens_OTU_7	1785_scaffold3,102281,f4Z102281_1_32033_32902_+_gene_type=bacteria	PF08238	Sel1 repeat	0.32	-	-	MFVQVLEVLARLRSRFSSGETPGPDEIRSKAEQGDATAQYNLGVMYAKGRGVPENGKEAVKWYRLAAEQGVADAQYNLGLIYANGVGMPEDDKEAVKWYRLAADQGVVDAQKNLAAMYLNSRGVLEDDKEAAKWYRLAADQGDAEAQYNLGLMYATGRGVPEDDKEAVKWYRLAADQGVASAQSNLGGMYANGRGVPEDDKEAVKWYRLAADQGNAIAQSNMGVMYASGSGVPEDKVLGYMWANLAGANGVDVSKLKKDLAEQMTKADISKAEDLTRQYIKDNPAVLSK
H_sitiens_OTU_7	1785_scaffold3,102281,f4Z102281_1_32033_32902_+_gene_type=bacteria	PF08238	Sel1 repeat	2.1e-09	Sel1	Sel1	MFVQVLEVLARLRSRFSSGETPGPDEIRSKAEQGDATAQYNLGVMYAKGRGVPENGKEAVKWYRLAAEQGVADAQYNLGLIYANGVGMPEDDKEAVKWYRLAADQGVVDAQKNLAAMYLNSRGVLEDDKEAAKWYRLAADQGDAEAQYNLGLMYATGRGVPEDDKEAVKWYRLAADQGVASAQSNLGGMYANGRGVPEDDKEAVKWYRLAADQGNAIAQSNMGVMYASGSGVPEDKVLGYMWANLAGANGVDVSKLKKDLAEQMTKADISKAEDLTRQYIKDNPAVLSK
H_sitiens_OTU_7	3443_scaffold298,642,f468Z642_1+scaffold732,86,f793Z86_1_916_1695_-_gene_type=bacteria	PF09976	Tetratricopeptide repeat-like domain	1.3e-46	TPR_21	TPR	LVESDEEQLEVLKSWWDENGTSLVITVVVTVGAILGYRAWEANVIETGEATSTVYEDFVTATDNIAANASDESVRITAMSLAETLKSDHGDTTYAVFAALQLAKLAVEQNDLDKAVEELRWALDKVSEAHLETIIRVRLSRVYMGLEDPDSAMTVLANHQPATGQVASVEEAKGDISYSLGDIEQARQAYQRALENISAEAEKPILEFKLADLPPSSSANQEPVGEPETVEEVAEKVAEKAAEEAAEEAAEEVTKDEDA
H_sitiens_OTU_7	2520_scaffold39,26859,f169Z26859_1_5558_7426_-_gene_type=bacteria	PF13360	PQQ-like domain	3.8e-09	PQQ_2	PQQ	VNGLTQLLSVFLIIVSIAQQGNAEAVEEPHPGAALYESNCAGCHDQPFYKAPSRSMIGMLGPDNILRVLNDGSMKAQAAGIDIAGRSAIAEFVSRRPLSDIEAQAMPPQCAKSNGFDPNLAPVSRGWGVDLENSRFQPLATGGLSSINVGDLDVKWSFAYPNAFQARSQPVYGGGAIYVGSQDGTVWALDAKTGCLRWSYQAKAEVRTGIVITPWDAGDTAANPSIFFGDILANVYSVDAKTGSLRWRVKADEHRDATLTGTPSYFNQRLYVSVSSLETIAAANPAYECCTFRGAVLALEATTGATVWKSHTIDKPAAPAGKTEVGTTIMAPSGAPIWSSPTIDEQRGQLYVGTGQNYSSPADGNSDSIIAFNLETGRKNWVSQQTGRDAWNVACFVGFPGLSNANCPEENGPDTDFGSHAILVHLPSGKDVVVGGQKSGDVVGLDPDTGRTLWKTRVGRGGVQGGVHFGIAAHTDVVYVPINDTLFGGDEASSNSRLPARPGVHAVNAETGDLLWSAPAANVCGETPRCETGVSQAITAIPGAVIAGFLDGRLRIYARDNGRLLWEYNFLREFQTVSGAVAHGGAFSGGGVLVADGMLYVNSGYGFNRYMPGNALVVFGLK
H_sitiens_OTU_7	2520_scaffold39,26859,f169Z26859_1_5558_7426_-_gene_type=bacteria	PF13360	PQQ-like domain	1.2e-07	PQQ_2	PQQ	VNGLTQLLSVFLIIVSIAQQGNAEAVEEPHPGAALYESNCAGCHDQPFYKAPSRSMIGMLGPDNILRVLNDGSMKAQAAGIDIAGRSAIAEFVSRRPLSDIEAQAMPPQCAKSNGFDPNLAPVSRGWGVDLENSRFQPLATGGLSSINVGDLDVKWSFAYPNAFQARSQPVYGGGAIYVGSQDGTVWALDAKTGCLRWSYQAKAEVRTGIVITPWDAGDTAANPSIFFGDILANVYSVDAKTGSLRWRVKADEHRDATLTGTPSYFNQRLYVSVSSLETIAAANPAYECCTFRGAVLALEATTGATVWKSHTIDKPAAPAGKTEVGTTIMAPSGAPIWSSPTIDEQRGQLYVGTGQNYSSPADGNSDSIIAFNLETGRKNWVSQQTGRDAWNVACFVGFPGLSNANCPEENGPDTDFGSHAILVHLPSGKDVVVGGQKSGDVVGLDPDTGRTLWKTRVGRGGVQGGVHFGIAAHTDVVYVPINDTLFGGDEASSNSRLPARPGVHAVNAETGDLLWSAPAANVCGETPRCETGVSQAITAIPGAVIAGFLDGRLRIYARDNGRLLWEYNFLREFQTVSGAVAHGGAFSGGGVLVADGMLYVNSGYGFNRYMPGNALVVFGLK
H_sitiens_OTU_7	2967_scaffold31,40712,f28Z40712_1_39495_40478_+_gene_type=archaea	PF09976	Tetratricopeptide repeat-like domain	1.9e-45	TPR_21	TPR	LVESDEEQLEVLKSWWDENGTSLVITVVVTVGAILGYRAWEANVIETGEATSTVYEDFVTATDNIAANASDESVRITAMSLAETLKSDHGDTTYAVFAALQLAKLAVEQNDLDKAVEELRWALDKVSEAHLETIIRVRLSRVYMGLEDPDSAMTVLANHQSATGQVASVEEAKGDIFHSLGDIEQARQAYQKALENMSPQLEKPNLELKLANLPHSSSANQAPVVAPETVEDLAEEVTEDVAEEVAEDVAEEVTEDVTEDVAEEVTEGVAEDVTEDVTEDVTEDVTEDVAEDVAEDVAEEVAEDVAEDVTEDVEEKITEEITEDEDP
H_sitiens_OTU_7	3125_scaffold27,47189,f15Z47189_1_43152_43454_+_gene_type=bacteria	PF00515	Tetratricopeptide repeat	0.00049	TPR_1	TPR	MAKIFVNRGNVFHQTHDYTKALTDYDKALELENVALDIVYYNRSLTLIRLKRWDDARMSLAAALEINPESNRVKRKLDQFNAPKEKPSATVVNPDDKLNQ
H_sitiens_OTU_7	3125_scaffold27,47189,f15Z47189_1_43152_43454_+_gene_type=bacteria	PF13181	Tetratricopeptide repeat	65.0	-	-	MAKIFVNRGNVFHQTHDYTKALTDYDKALELENVALDIVYYNRSLTLIRLKRWDDARMSLAAALEINPESNRVKRKLDQFNAPKEKPSATVVNPDDKLNQ
H_sitiens_OTU_7	645_scaffold12,65478,f10Z65478_1_21741_23393_-_gene_type=bacteria	PF13469	Sulfotransferase family	7.5e-07	-	-	VSKKNQKSEQLLKQAHHLYGSRKLRQAESLYRQVLRIDPASRDALQSMVAICLQSHRIEQGEQFLKQLVGAYPREPRYTQNYVNILLQNGKLDEAMLSYQRLLKRRPDFPDIRYSLAQLLKRTGHHDQALEQYLMALQQGIHNPEEVYANISVIYSDQHRDHDAQAALQQALELNPDYIPALYNLALIREETGKWREAKELFQQILFQDQHHYDALVRLAHVQTASPLDPLIPQLLAGLANVGDDQLASENLNFALGKVCDDCQNYDLAFEHYQSGNQLAQLRVGGYNRTRQEVLADTLINTCTGDWIESVQPVSDAAPIFICGMFRSGSTLVEQMLAAHSKITAGGEINYFIEQLNPPAQQLPSNESDLNKLGCGYIDYLARTFPDAGLLTNKRPDNFLYLGLIGALFPNARIINTLRHPLDNCLSVFFQQFEKKLDYANDLLDIGHYYVQYHRLMCHWQQCLPNSILSVDYDELVRDPRRELEPLLAFIGLDWDENCLEFHALSNRVRTASTWQVRQPLHQQSSGRWQSYAEQLQSLKEYFSAMGIQY
H_sitiens_OTU_7	645_scaffold12,65478,f10Z65478_1_21741_23393_-_gene_type=bacteria	PF13469	Sulfotransferase family	5.9e-24	-	-	VSKKNQKSEQLLKQAHHLYGSRKLRQAESLYRQVLRIDPASRDALQSMVAICLQSHRIEQGEQFLKQLVGAYPREPRYTQNYVNILLQNGKLDEAMLSYQRLLKRRPDFPDIRYSLAQLLKRTGHHDQALEQYLMALQQGIHNPEEVYANISVIYSDQHRDHDAQAALQQALELNPDYIPALYNLALIREETGKWREAKELFQQILFQDQHHYDALVRLAHVQTASPLDPLIPQLLAGLANVGDDQLASENLNFALGKVCDDCQNYDLAFEHYQSGNQLAQLRVGGYNRTRQEVLADTLINTCTGDWIESVQPVSDAAPIFICGMFRSGSTLVEQMLAAHSKITAGGEINYFIEQLNPPAQQLPSNESDLNKLGCGYIDYLARTFPDAGLLTNKRPDNFLYLGLIGALFPNARIINTLRHPLDNCLSVFFQQFEKKLDYANDLLDIGHYYVQYHRLMCHWQQCLPNSILSVDYDELVRDPRRELEPLLAFIGLDWDENCLEFHALSNRVRTASTWQVRQPLHQQSSGRWQSYAEQLQSLKEYFSAMGIQY
H_sitiens_OTU_7	645_scaffold12,65478,f10Z65478_1_21741_23393_-_gene_type=bacteria	PF14559	Tetratricopeptide repeat	0.00092	TPR_19	TPR	VSKKNQKSEQLLKQAHHLYGSRKLRQAESLYRQVLRIDPASRDALQSMVAICLQSHRIEQGEQFLKQLVGAYPREPRYTQNYVNILLQNGKLDEAMLSYQRLLKRRPDFPDIRYSLAQLLKRTGHHDQALEQYLMALQQGIHNPEEVYANISVIYSDQHRDHDAQAALQQALELNPDYIPALYNLALIREETGKWREAKELFQQILFQDQHHYDALVRLAHVQTASPLDPLIPQLLAGLANVGDDQLASENLNFALGKVCDDCQNYDLAFEHYQSGNQLAQLRVGGYNRTRQEVLADTLINTCTGDWIESVQPVSDAAPIFICGMFRSGSTLVEQMLAAHSKITAGGEINYFIEQLNPPAQQLPSNESDLNKLGCGYIDYLARTFPDAGLLTNKRPDNFLYLGLIGALFPNARIINTLRHPLDNCLSVFFQQFEKKLDYANDLLDIGHYYVQYHRLMCHWQQCLPNSILSVDYDELVRDPRRELEPLLAFIGLDWDENCLEFHALSNRVRTASTWQVRQPLHQQSSGRWQSYAEQLQSLKEYFSAMGIQY
H_sitiens_OTU_7	645_scaffold12,65478,f10Z65478_1_21741_23393_-_gene_type=bacteria	PF14559	Tetratricopeptide repeat	0.0012	TPR_19	TPR	VSKKNQKSEQLLKQAHHLYGSRKLRQAESLYRQVLRIDPASRDALQSMVAICLQSHRIEQGEQFLKQLVGAYPREPRYTQNYVNILLQNGKLDEAMLSYQRLLKRRPDFPDIRYSLAQLLKRTGHHDQALEQYLMALQQGIHNPEEVYANISVIYSDQHRDHDAQAALQQALELNPDYIPALYNLALIREETGKWREAKELFQQILFQDQHHYDALVRLAHVQTASPLDPLIPQLLAGLANVGDDQLASENLNFALGKVCDDCQNYDLAFEHYQSGNQLAQLRVGGYNRTRQEVLADTLINTCTGDWIESVQPVSDAAPIFICGMFRSGSTLVEQMLAAHSKITAGGEINYFIEQLNPPAQQLPSNESDLNKLGCGYIDYLARTFPDAGLLTNKRPDNFLYLGLIGALFPNARIINTLRHPLDNCLSVFFQQFEKKLDYANDLLDIGHYYVQYHRLMCHWQQCLPNSILSVDYDELVRDPRRELEPLLAFIGLDWDENCLEFHALSNRVRTASTWQVRQPLHQQSSGRWQSYAEQLQSLKEYFSAMGIQY
H_sitiens_OTU_7	645_scaffold12,65478,f10Z65478_1_21741_23393_-_gene_type=bacteria	PF14559	Tetratricopeptide repeat	0.00026	TPR_19	TPR	VSKKNQKSEQLLKQAHHLYGSRKLRQAESLYRQVLRIDPASRDALQSMVAICLQSHRIEQGEQFLKQLVGAYPREPRYTQNYVNILLQNGKLDEAMLSYQRLLKRRPDFPDIRYSLAQLLKRTGHHDQALEQYLMALQQGIHNPEEVYANISVIYSDQHRDHDAQAALQQALELNPDYIPALYNLALIREETGKWREAKELFQQILFQDQHHYDALVRLAHVQTASPLDPLIPQLLAGLANVGDDQLASENLNFALGKVCDDCQNYDLAFEHYQSGNQLAQLRVGGYNRTRQEVLADTLINTCTGDWIESVQPVSDAAPIFICGMFRSGSTLVEQMLAAHSKITAGGEINYFIEQLNPPAQQLPSNESDLNKLGCGYIDYLARTFPDAGLLTNKRPDNFLYLGLIGALFPNARIINTLRHPLDNCLSVFFQQFEKKLDYANDLLDIGHYYVQYHRLMCHWQQCLPNSILSVDYDELVRDPRRELEPLLAFIGLDWDENCLEFHALSNRVRTASTWQVRQPLHQQSSGRWQSYAEQLQSLKEYFSAMGIQY
H_sitiens_OTU_7	1037_scaffold7,81811,f22Z81811_1_96_2324_+_gene_type=bacteria	PF13360	PQQ-like domain	1.2e-11	PQQ_2	PQQ	MRIVIAIVIGLLVILGAWLLNQETLENDTEVNQEQAPVDSTAWISDATADIDGKRIVNADDEPGNWLAHARTYDEQRFSPLDQITADNVGDLGLAWYFDTDTDRGLEASPIVVDGIMYTSGSWSVVFANDARTGELIWQFDPKVPKAWGVNACCDVVNRGVAVWKGRVYVGTIDGRLIALDAATGKVAWDVNTIDKTKPYTITGAPRIINDKVIIGNGGAEYGVRGYVTAFDTATGEQVWRFYTVPGNPAEPFESSTMEDAAKTWTGRWWTMGGGGTVWDSMAYDPELNYLYIGVGNGSPWNQNVRSPGGGDNLFLSSVVALNPDTGEYIWHYQTTPGDTWDYTATQHMILAELEIEGEVRKVIMQAPKNGFFYVLDRVTGEFISAEKYIPMTWATHVDPETGRPVESENARYQRHDPLLDLSLAEQVEILGAMTSDELEAAYHKPGPLGGHNWHPMSYSPDTGYVYIPALDMPFAYGNEPQFSYEEGKWNLANDWRLGMPTGDKGVDDKVDGLLRGFISAWDPVEQKEVWRVQHAGTWNGGMLSTHGNLIFQGNSSGQFVAYRADTGAELWSTPAQTGIIAPPISYEIDGEQYVTVVAGWGGAFALTAAAAEAYNLKPRGRILTYKLEGEVELPPVMDVAAVLPEPPAIDATDDEIAHGKFMYHKYCGVCHGPGVRSGGVLPDLRYMAPGKHIVFEDIVLGGTLQERGMVSFASSLTKEDAKSVHQYVISEAHRLKARTAN
H_sitiens_OTU_7	1037_scaffold7,81811,f22Z81811_1_96_2324_+_gene_type=bacteria	PF13360	PQQ-like domain	0.0001	PQQ_2	PQQ	MRIVIAIVIGLLVILGAWLLNQETLENDTEVNQEQAPVDSTAWISDATADIDGKRIVNADDEPGNWLAHARTYDEQRFSPLDQITADNVGDLGLAWYFDTDTDRGLEASPIVVDGIMYTSGSWSVVFANDARTGELIWQFDPKVPKAWGVNACCDVVNRGVAVWKGRVYVGTIDGRLIALDAATGKVAWDVNTIDKTKPYTITGAPRIINDKVIIGNGGAEYGVRGYVTAFDTATGEQVWRFYTVPGNPAEPFESSTMEDAAKTWTGRWWTMGGGGTVWDSMAYDPELNYLYIGVGNGSPWNQNVRSPGGGDNLFLSSVVALNPDTGEYIWHYQTTPGDTWDYTATQHMILAELEIEGEVRKVIMQAPKNGFFYVLDRVTGEFISAEKYIPMTWATHVDPETGRPVESENARYQRHDPLLDLSLAEQVEILGAMTSDELEAAYHKPGPLGGHNWHPMSYSPDTGYVYIPALDMPFAYGNEPQFSYEEGKWNLANDWRLGMPTGDKGVDDKVDGLLRGFISAWDPVEQKEVWRVQHAGTWNGGMLSTHGNLIFQGNSSGQFVAYRADTGAELWSTPAQTGIIAPPISYEIDGEQYVTVVAGWGGAFALTAAAAEAYNLKPRGRILTYKLEGEVELPPVMDVAAVLPEPPAIDATDDEIAHGKFMYHKYCGVCHGPGVRSGGVLPDLRYMAPGKHIVFEDIVLGGTLQERGMVSFASSLTKEDAKSVHQYVISEAHRLKARTAN
H_sitiens_OTU_7	1037_scaffold7,81811,f22Z81811_1_96_2324_+_gene_type=bacteria	PF13442	Cytochrome C oxidase, cbb3-type, subunit III	0.027	-	-	MRIVIAIVIGLLVILGAWLLNQETLENDTEVNQEQAPVDSTAWISDATADIDGKRIVNADDEPGNWLAHARTYDEQRFSPLDQITADNVGDLGLAWYFDTDTDRGLEASPIVVDGIMYTSGSWSVVFANDARTGELIWQFDPKVPKAWGVNACCDVVNRGVAVWKGRVYVGTIDGRLIALDAATGKVAWDVNTIDKTKPYTITGAPRIINDKVIIGNGGAEYGVRGYVTAFDTATGEQVWRFYTVPGNPAEPFESSTMEDAAKTWTGRWWTMGGGGTVWDSMAYDPELNYLYIGVGNGSPWNQNVRSPGGGDNLFLSSVVALNPDTGEYIWHYQTTPGDTWDYTATQHMILAELEIEGEVRKVIMQAPKNGFFYVLDRVTGEFISAEKYIPMTWATHVDPETGRPVESENARYQRHDPLLDLSLAEQVEILGAMTSDELEAAYHKPGPLGGHNWHPMSYSPDTGYVYIPALDMPFAYGNEPQFSYEEGKWNLANDWRLGMPTGDKGVDDKVDGLLRGFISAWDPVEQKEVWRVQHAGTWNGGMLSTHGNLIFQGNSSGQFVAYRADTGAELWSTPAQTGIIAPPISYEIDGEQYVTVVAGWGGAFALTAAAAEAYNLKPRGRILTYKLEGEVELPPVMDVAAVLPEPPAIDATDDEIAHGKFMYHKYCGVCHGPGVRSGGVLPDLRYMAPGKHIVFEDIVLGGTLQERGMVSFASSLTKEDAKSVHQYVISEAHRLKARTAN
H_sitiens_OTU_7	2666_scaffold34,37932,f29Z37932_1_24060_24839_-_gene_type=bacteria	PF16331	TolA binding protein trimerisation	6.9e-07	-	-	MKVSHPLLSGVLTAAICVVVSTPLFVSAAQSPVPVESRESVVSYQPPIEEEVASGGIENQYQMQLLQQEVMELRGLVEQLQYDLDGLKSIQDDRYLELDARLQQVLKVKPQPPLENLLETAEGPVVDANLSDKYLYETTQELIRNRQYEMAITQLEALIARFPDGDYTANAYYWLGQVQAAKTNPDFEKARQALAQVISYFPEHNKVPDAAYALGKVYYTLGDCERATDLLQQVIDQYPGMSAATLADNYLRESVNCDN
H_sitiens_OTU_7	2666_scaffold34,37932,f29Z37932_1_24060_24839_-_gene_type=bacteria	PF13512	Tetratricopeptide repeat	8.1e-05	TPR_18	TPR	MKVSHPLLSGVLTAAICVVVSTPLFVSAAQSPVPVESRESVVSYQPPIEEEVASGGIENQYQMQLLQQEVMELRGLVEQLQYDLDGLKSIQDDRYLELDARLQQVLKVKPQPPLENLLETAEGPVVDANLSDKYLYETTQELIRNRQYEMAITQLEALIARFPDGDYTANAYYWLGQVQAAKTNPDFEKARQALAQVISYFPEHNKVPDAAYALGKVYYTLGDCERATDLLQQVIDQYPGMSAATLADNYLRESVNCDN
H_sitiens_OTU_7	2895_scaffold29,42276,f32Z42276_1_25408_26226_+_gene_type=bacteria	PF13411	MerR HTH family regulatory protein	3.7e-05	-	-	MKGYSTQDVAELLELSPKLIREVARAGILEPARTAGNQYRFDFQDIIVLRTAKELMQSGVRQAEINNALFKLKSKLPSNRPLTSLRISGEGGAVVIREADQVYDAATGQIHFNFAVADLAGTVAPLARQAAEKAQASDQLSSDDWFDLGVDLEAVSPEDAPAAYLRALELDPHHSDAHVNIGRLLQEAGEYESSEQHYNYALAAEPDNVLAVFNLGTLFEDMGRLQDAIDTYKQAANLADAHYNLSRLYELVGEHAQALKHLKTYRSLIEPN
H_sitiens_OTU_7	2895_scaffold29,42276,f32Z42276_1_25408_26226_+_gene_type=bacteria	PF13432	Tetratricopeptide repeat	8.1e-05	TPR_16	TPR	MKGYSTQDVAELLELSPKLIREVARAGILEPARTAGNQYRFDFQDIIVLRTAKELMQSGVRQAEINNALFKLKSKLPSNRPLTSLRISGEGGAVVIREADQVYDAATGQIHFNFAVADLAGTVAPLARQAAEKAQASDQLSSDDWFDLGVDLEAVSPEDAPAAYLRALELDPHHSDAHVNIGRLLQEAGEYESSEQHYNYALAAEPDNVLAVFNLGTLFEDMGRLQDAIDTYKQAANLADAHYNLSRLYELVGEHAQALKHLKTYRSLIEPN
H_sitiens_OTU_7	984_scaffold9,74996,f14Z74996_1_39045_41000_-_gene_type=bacteria	PF13360	PQQ-like domain	2.4e-08	PQQ_2	PQQ	LHYYSALLLALLLSACDKPSPQQASNPPDVNVTPLHTEGSQQYADIRAAKEAFPGKAHYDRACIACHNGTVKKAPHREMIGLMTPESVLHTITKGVMREAAQALTAQEKREVAEYISGVKLGGELEPLPACENKSATLTSNSSITNSSITNSSITNSSITNSSINWGIQPENTRTISAEDGGISSANITTLATKWAIAFPDSTRVRSQPTFAGNQIFVGSHSGIVYSLDREDGCATWSYIASAEVRTGITYSASNTNPMIFFGDVIGNVYGINATTGKEIWRTRADDHPNATITGTPSLNKNLLYVPVSSLEVSLAVDPSYACCTFRGSVAAIDILSGEIKWKTYTIQEEPAITGQNPVGTDIIGPSGAVVWNSPAIDVINNQLYVGTGENMSSPASLTSDAMLAMDLDTGELNWAFQATANDVWNTACDTTTPENCPIENGPDFDFGGATVVVDTTKHGRLVIAGQKSGFVHALNPIDGALVWQTRVGRGGIQGGIHFGIAARGETLLIPISDMADGRTYPNPDRPGMHALDANSGAILWSTLHVDQCAGRTHCHPGISQVPTVIGDLVIAGSMDGVARAYAIDTGSIIWQLDTSQQDFTSTLGTLTRGGSMSGGAGPVANNGLLLLSSGYSLYNHMPGNLLLALELAAE
H_sitiens_OTU_7	984_scaffold9,74996,f14Z74996_1_39045_41000_-_gene_type=bacteria	PF13360	PQQ-like domain	4.3e-07	PQQ_2	PQQ	LHYYSALLLALLLSACDKPSPQQASNPPDVNVTPLHTEGSQQYADIRAAKEAFPGKAHYDRACIACHNGTVKKAPHREMIGLMTPESVLHTITKGVMREAAQALTAQEKREVAEYISGVKLGGELEPLPACENKSATLTSNSSITNSSITNSSITNSSITNSSINWGIQPENTRTISAEDGGISSANITTLATKWAIAFPDSTRVRSQPTFAGNQIFVGSHSGIVYSLDREDGCATWSYIASAEVRTGITYSASNTNPMIFFGDVIGNVYGINATTGKEIWRTRADDHPNATITGTPSLNKNLLYVPVSSLEVSLAVDPSYACCTFRGSVAAIDILSGEIKWKTYTIQEEPAITGQNPVGTDIIGPSGAVVWNSPAIDVINNQLYVGTGENMSSPASLTSDAMLAMDLDTGELNWAFQATANDVWNTACDTTTPENCPIENGPDFDFGGATVVVDTTKHGRLVIAGQKSGFVHALNPIDGALVWQTRVGRGGIQGGIHFGIAARGETLLIPISDMADGRTYPNPDRPGMHALDANSGAILWSTLHVDQCAGRTHCHPGISQVPTVIGDLVIAGSMDGVARAYAIDTGSIIWQLDTSQQDFTSTLGTLTRGGSMSGGAGPVANNGLLLLSSGYSLYNHMPGNLLLALELAAE
H_sitiens_OTU_7	984_scaffold9,74996,f14Z74996_1_39045_41000_-_gene_type=bacteria	PF13442	Cytochrome C oxidase, cbb3-type, subunit III	0.029	-	-	LHYYSALLLALLLSACDKPSPQQASNPPDVNVTPLHTEGSQQYADIRAAKEAFPGKAHYDRACIACHNGTVKKAPHREMIGLMTPESVLHTITKGVMREAAQALTAQEKREVAEYISGVKLGGELEPLPACENKSATLTSNSSITNSSITNSSITNSSITNSSINWGIQPENTRTISAEDGGISSANITTLATKWAIAFPDSTRVRSQPTFAGNQIFVGSHSGIVYSLDREDGCATWSYIASAEVRTGITYSASNTNPMIFFGDVIGNVYGINATTGKEIWRTRADDHPNATITGTPSLNKNLLYVPVSSLEVSLAVDPSYACCTFRGSVAAIDILSGEIKWKTYTIQEEPAITGQNPVGTDIIGPSGAVVWNSPAIDVINNQLYVGTGENMSSPASLTSDAMLAMDLDTGELNWAFQATANDVWNTACDTTTPENCPIENGPDFDFGGATVVVDTTKHGRLVIAGQKSGFVHALNPIDGALVWQTRVGRGGIQGGIHFGIAARGETLLIPISDMADGRTYPNPDRPGMHALDANSGAILWSTLHVDQCAGRTHCHPGISQVPTVIGDLVIAGSMDGVARAYAIDTGSIIWQLDTSQQDFTSTLGTLTRGGSMSGGAGPVANNGLLLLSSGYSLYNHMPGNLLLALELAAE
H_sitiens_OTU_7	1762_scaffold3,102281,f4Z102281_1_5499_6353_+_gene_type=bacteria	PF14559	Tetratricopeptide repeat	1.7e-08	TPR_19	TPR	VNIDSYTVEINAQNFQSEVAEKSQKLPVLMEFYAEGAEQCVSTSALLQKLVAEYQGKFLLARVDIQQNQELVKQLQVRALPSIKIIFQGQMAGNIEGPAEEQQLREVLGQVTMSPLDRVREQIDFLLDQGERGQAIEMLQQVIAEEPANFGLHVELCDLLILEGQIDDARKILSGIPADAEGIDKPKNRLEFIELAGDLGTLDEQRSKAEADPSDLQARFDFAIKLIVNDQVETGLEELLAILQVDKTWGEEKARLTMIKVFNMLGKGNELATSYRRKMFTYLH
H_sitiens_OTU_7	1762_scaffold3,102281,f4Z102281_1_5499_6353_+_gene_type=bacteria	PF00085	Thioredoxin	1.6e-13	-	-	VNIDSYTVEINAQNFQSEVAEKSQKLPVLMEFYAEGAEQCVSTSALLQKLVAEYQGKFLLARVDIQQNQELVKQLQVRALPSIKIIFQGQMAGNIEGPAEEQQLREVLGQVTMSPLDRVREQIDFLLDQGERGQAIEMLQQVIAEEPANFGLHVELCDLLILEGQIDDARKILSGIPADAEGIDKPKNRLEFIELAGDLGTLDEQRSKAEADPSDLQARFDFAIKLIVNDQVETGLEELLAILQVDKTWGEEKARLTMIKVFNMLGKGNELATSYRRKMFTYLH
H_sitiens_OTU_7	1762_scaffold3,102281,f4Z102281_1_5499_6353_+_gene_type=bacteria	PF14561	Tetratricopeptide repeat	7.5e-20	TPR_20	TPR	VNIDSYTVEINAQNFQSEVAEKSQKLPVLMEFYAEGAEQCVSTSALLQKLVAEYQGKFLLARVDIQQNQELVKQLQVRALPSIKIIFQGQMAGNIEGPAEEQQLREVLGQVTMSPLDRVREQIDFLLDQGERGQAIEMLQQVIAEEPANFGLHVELCDLLILEGQIDDARKILSGIPADAEGIDKPKNRLEFIELAGDLGTLDEQRSKAEADPSDLQARFDFAIKLIVNDQVETGLEELLAILQVDKTWGEEKARLTMIKVFNMLGKGNELATSYRRKMFTYLH
H_sitiens_OTU_7	3118_scaffold27,47189,f15Z47189_1_34307_36397_+_gene_type=bacteria	PF01915	Glycosyl hydrolase family 3 C-terminal domain	5e-45	-	-	MPNAMTANRSEKAFDQAAIHLGNIGLNVDHQSVEIEVERLLASMTLAQKVHEIRGWQAAPIDGLYYAGGDEALNIPAYRMVDGPRGARTGMATAFPVAIARGATFDVALERRVGLATGLEVAAKNGNVILAPTLNLLRHPGWGRAQETYSEDTFHIGAMGVSFVSGAQNYVLTSPKHFALNNLEMTRFELSANVDERALHEVYLPHFKRCVVEGAAASVMSAYNKVNGVYCGEHPVLLNDILRQDWGFKGFVESDWFLGTRSTVAAINAGMDIEMPAGYRFDDDKITQALNAGELTEETITRNAGRALYQKVAFDLANREVPDKSVVECSDHIELAREVAEKSFVLLKNEAVLPLSMTQSIAVVGDLADIPNLGDRGSSMVTSSEVTTPLAGLKAFGNEIAISYYGSDADISDIGDFDVAVVVAGLTYKEEGEFIPTQQQESDGSDLARGGDRADLRLPEGQEQLILEVALKAKKTIVLLEGGSAIEVSSWVNEVDALMMVWYPGREGGHAIARVLFGAVSPSGKLPVSFPQSIKQLMAWDITALDITHDLFHGYRYLDKQAERPEFPFGFGLSYTEFTIEGLQVERIADRFLINVSVKNTGDCVAGTVPQLYVSYRHSTVERPVKELKGFGRIELEPGETADLEIELSDAALCYYDPLAGWVLEACTYELSVGQASDNLPFGSTWRFDGKGWLPQ
H_sitiens_OTU_7	3118_scaffold27,47189,f15Z47189_1_34307_36397_+_gene_type=bacteria	PF00933	Glycosyl hydrolase family 3 N terminal domain	9e-35	-	-	MPNAMTANRSEKAFDQAAIHLGNIGLNVDHQSVEIEVERLLASMTLAQKVHEIRGWQAAPIDGLYYAGGDEALNIPAYRMVDGPRGARTGMATAFPVAIARGATFDVALERRVGLATGLEVAAKNGNVILAPTLNLLRHPGWGRAQETYSEDTFHIGAMGVSFVSGAQNYVLTSPKHFALNNLEMTRFELSANVDERALHEVYLPHFKRCVVEGAAASVMSAYNKVNGVYCGEHPVLLNDILRQDWGFKGFVESDWFLGTRSTVAAINAGMDIEMPAGYRFDDDKITQALNAGELTEETITRNAGRALYQKVAFDLANREVPDKSVVECSDHIELAREVAEKSFVLLKNEAVLPLSMTQSIAVVGDLADIPNLGDRGSSMVTSSEVTTPLAGLKAFGNEIAISYYGSDADISDIGDFDVAVVVAGLTYKEEGEFIPTQQQESDGSDLARGGDRADLRLPEGQEQLILEVALKAKKTIVLLEGGSAIEVSSWVNEVDALMMVWYPGREGGHAIARVLFGAVSPSGKLPVSFPQSIKQLMAWDITALDITHDLFHGYRYLDKQAERPEFPFGFGLSYTEFTIEGLQVERIADRFLINVSVKNTGDCVAGTVPQLYVSYRHSTVERPVKELKGFGRIELEPGETADLEIELSDAALCYYDPLAGWVLEACTYELSVGQASDNLPFGSTWRFDGKGWLPQ
H_sitiens_OTU_7	3118_scaffold27,47189,f15Z47189_1_34307_36397_+_gene_type=bacteria	PF14310	Fibronectin type III-like domain	3.5e-17	Fn3_like	Fn3	MPNAMTANRSEKAFDQAAIHLGNIGLNVDHQSVEIEVERLLASMTLAQKVHEIRGWQAAPIDGLYYAGGDEALNIPAYRMVDGPRGARTGMATAFPVAIARGATFDVALERRVGLATGLEVAAKNGNVILAPTLNLLRHPGWGRAQETYSEDTFHIGAMGVSFVSGAQNYVLTSPKHFALNNLEMTRFELSANVDERALHEVYLPHFKRCVVEGAAASVMSAYNKVNGVYCGEHPVLLNDILRQDWGFKGFVESDWFLGTRSTVAAINAGMDIEMPAGYRFDDDKITQALNAGELTEETITRNAGRALYQKVAFDLANREVPDKSVVECSDHIELAREVAEKSFVLLKNEAVLPLSMTQSIAVVGDLADIPNLGDRGSSMVTSSEVTTPLAGLKAFGNEIAISYYGSDADISDIGDFDVAVVVAGLTYKEEGEFIPTQQQESDGSDLARGGDRADLRLPEGQEQLILEVALKAKKTIVLLEGGSAIEVSSWVNEVDALMMVWYPGREGGHAIARVLFGAVSPSGKLPVSFPQSIKQLMAWDITALDITHDLFHGYRYLDKQAERPEFPFGFGLSYTEFTIEGLQVERIADRFLINVSVKNTGDCVAGTVPQLYVSYRHSTVERPVKELKGFGRIELEPGETADLEIELSDAALCYYDPLAGWVLEACTYELSVGQASDNLPFGSTWRFDGKGWLPQ
H_sitiens_OTU_7	1061_scaffold7,81811,f22Z81811_1_26322_27884_-_gene_type=bacteria	PF13432	Tetratricopeptide repeat	0.18	-	-	VAEVAGYRSRYDVALDKYMNAVVETRDPGVAARATRLALYLKKYEQGLVTALIWAEVDPENVDARRHAVDLLFRAGELELAIGHMEAVKQLGGMANFDVFAYRAAGLAPEQQATVLAAITEMLDRYPGDEQLLFSRAVLLQLNGQLPGALAIAEELLMVSEKPNVIVLKTSILDAMQRDDEAITYLTGAVNVSQPNRRLQLILARMLFEQGDLEAAKVQYSNALSASPNDGDVLFALALIALEQGADLQAQEHLARMVRWNQRSGEAHYYLGGIAERRSDTAAALQEYGQAGEGYEFIPAQARIVSLLANEGRLEEARARLSNLRAQKPEHRQQLILIEAQLLEDLGQEQQTLDFLEVILQREPNNVELLYYRAMTGQRFGRLDILEADLSRVIELDPDNAGALNALGYILTDQTNRHEEALELIEKALTIKPDEAAFLDSMGWVQYRLNNYEIALTYLRRAFELFLNDEIAAHLGEVLWVIGDRIEANLIWEKGLELAPESDILKDVMQRFRVDQGISD
H_sitiens_OTU_7	1061_scaffold7,81811,f22Z81811_1_26322_27884_-_gene_type=bacteria	PF14559	Tetratricopeptide repeat	0.0014	TPR_19	TPR	VAEVAGYRSRYDVALDKYMNAVVETRDPGVAARATRLALYLKKYEQGLVTALIWAEVDPENVDARRHAVDLLFRAGELELAIGHMEAVKQLGGMANFDVFAYRAAGLAPEQQATVLAAITEMLDRYPGDEQLLFSRAVLLQLNGQLPGALAIAEELLMVSEKPNVIVLKTSILDAMQRDDEAITYLTGAVNVSQPNRRLQLILARMLFEQGDLEAAKVQYSNALSASPNDGDVLFALALIALEQGADLQAQEHLARMVRWNQRSGEAHYYLGGIAERRSDTAAALQEYGQAGEGYEFIPAQARIVSLLANEGRLEEARARLSNLRAQKPEHRQQLILIEAQLLEDLGQEQQTLDFLEVILQREPNNVELLYYRAMTGQRFGRLDILEADLSRVIELDPDNAGALNALGYILTDQTNRHEEALELIEKALTIKPDEAAFLDSMGWVQYRLNNYEIALTYLRRAFELFLNDEIAAHLGEVLWVIGDRIEANLIWEKGLELAPESDILKDVMQRFRVDQGISD
H_sitiens_OTU_7	1756_scaffold3,102281,f4Z102281_1_470_1900_-_gene_type=bacteria	PF01435	Peptidase family M48	2.6e-28	-	-	MIRIPIILISILWCLTLSANQDLPTFGDSTSGIISLEQERKLGQQFLRSIRAQAPTLDDPILQDYLEDLTYRLASHSQLTDRRLDLAIIKNESLNAFAVPGGIVGVHHGLFRYAQTEHEMAAILSHELAHLSQRHFARRVAEGKKSSAINIAGLLATIILAATAGGDAALAAVTGSRGLAQNQSLKYSRDRETEADRIGIYTLDNASMDPRAMAYMFERLQQTSRYNTGNNIPGFLRTHPVTNDRIADSYNQTQSYPKKQFPLTLDYQMMRTRVSAITTGNPQEEAKRFEDEVKKATDPIQKTANRYGLAITLTNSQEFDKARTQIVKLRDQYPLNIPIRIAEAEIYTQAQQPEIALDLLKEALEISLNNYPLSATYAQTFIAARKPHAALEVLIPLSVDRPNDEHIWYLLAEAYGLANDIPGVHESRAEFFVLNGNYDQAIKQLGYALPLVRHNFQKAARIKQRLEDIWMMKDDA
H_sitiens_OTU_7	1756_scaffold3,102281,f4Z102281_1_470_1900_-_gene_type=bacteria	PF14559	Tetratricopeptide repeat	0.0028	TPR_19	TPR	MIRIPIILISILWCLTLSANQDLPTFGDSTSGIISLEQERKLGQQFLRSIRAQAPTLDDPILQDYLEDLTYRLASHSQLTDRRLDLAIIKNESLNAFAVPGGIVGVHHGLFRYAQTEHEMAAILSHELAHLSQRHFARRVAEGKKSSAINIAGLLATIILAATAGGDAALAAVTGSRGLAQNQSLKYSRDRETEADRIGIYTLDNASMDPRAMAYMFERLQQTSRYNTGNNIPGFLRTHPVTNDRIADSYNQTQSYPKKQFPLTLDYQMMRTRVSAITTGNPQEEAKRFEDEVKKATDPIQKTANRYGLAITLTNSQEFDKARTQIVKLRDQYPLNIPIRIAEAEIYTQAQQPEIALDLLKEALEISLNNYPLSATYAQTFIAARKPHAALEVLIPLSVDRPNDEHIWYLLAEAYGLANDIPGVHESRAEFFVLNGNYDQAIKQLGYALPLVRHNFQKAARIKQRLEDIWMMKDDA
H_sitiens_OTU_7	3441_scaffold298,642,f468Z642_1+scaffold732,86,f793Z86_1_1_480_-_gene_type=archaea_partial=10	PF13360	PQQ-like domain	1.3e-27	PQQ_2	PQQ	VIQTIDGKVAAYDAIDGSRKWLYTTTIPSLTLRGTATPIISGDVIMVGFSSGRVALLDRETGLAGFDQRVGVAEGSSDLERLVDIDGAMAIDGDRLYAASFQGRLVGIDISTGELLWFEEASSVSGVGIGFGNVYLASSDSQISAHNADNGREVWRVDAL
H_sitiens_OTU_7	1783_scaffold3,102281,f4Z102281_1_29546_31201_+_gene_type=bacteria	PF08238	Sel1 repeat	1.1e-06	Sel1	Sel1	LWSGFSFGETSESDGLRSKADQGDATAQFILGLMYDTGESVPEDDKEAVKWYQLAAEQGVADAQYILGLMYDNGRGVPEDDKEAAKWYQLAAEQGVADAQHILGLMYDNGRGVPEDDKEAVKWYRLAADQGIADAQYNLGVRYAKGRSVPEDDKEAAKWFRLAADQGHADAQSNLGLMYDNGRGVPEDDKEAVKWYRLAADKGDAKAQFILGWVYANGRGVPKDDKEAVKWYRLAADQGDAFAQYNLGLMYANGSGVLEDDKKAMKWYRRAAAQGDAFAQTNLGWMYDNGSGVPKDDKEAEKWYRLAAGQGNANAQFILGRMYDNGSGVPEDAKKAVKWYRLAAEQGDVFAQYKLGVMYAAGRGVPEDDKEAVKWYRLAAGQGNAKAQTNLGVMYDNGIGVPEDDKEAVKWYRLAAEQGVANAQYNLGVMYATGSGVLDDNKEAVKWYRLAADQGHAAAQYNLGLMYATGSGVPEDDKEALEQYRLSADQGNAKAQYNMGVMYDNGSGVPDDDKKAVKWYRLAAEQGDADAQYNLGVMYDNGEGVPDDDKS
H_sitiens_OTU_7	1783_scaffold3,102281,f4Z102281_1_29546_31201_+_gene_type=bacteria	PF08238	Sel1 repeat	5.2e-08	Sel1	Sel1	LWSGFSFGETSESDGLRSKADQGDATAQFILGLMYDTGESVPEDDKEAVKWYQLAAEQGVADAQYILGLMYDNGRGVPEDDKEAAKWYQLAAEQGVADAQHILGLMYDNGRGVPEDDKEAVKWYRLAADQGIADAQYNLGVRYAKGRSVPEDDKEAAKWFRLAADQGHADAQSNLGLMYDNGRGVPEDDKEAVKWYRLAADKGDAKAQFILGWVYANGRGVPKDDKEAVKWYRLAADQGDAFAQYNLGLMYANGSGVLEDDKKAMKWYRRAAAQGDAFAQTNLGWMYDNGSGVPKDDKEAEKWYRLAAGQGNANAQFILGRMYDNGSGVPEDAKKAVKWYRLAAEQGDVFAQYKLGVMYAAGRGVPEDDKEAVKWYRLAAGQGNAKAQTNLGVMYDNGIGVPEDDKEAVKWYRLAAEQGVANAQYNLGVMYATGSGVLDDNKEAVKWYRLAADQGHAAAQYNLGLMYATGSGVPEDDKEALEQYRLSADQGNAKAQYNMGVMYDNGSGVPDDDKKAVKWYRLAAEQGDADAQYNLGVMYDNGEGVPDDDKS
H_sitiens_OTU_7	1783_scaffold3,102281,f4Z102281_1_29546_31201_+_gene_type=bacteria	PF08238	Sel1 repeat	4.9e-08	Sel1	Sel1	LWSGFSFGETSESDGLRSKADQGDATAQFILGLMYDTGESVPEDDKEAVKWYQLAAEQGVADAQYILGLMYDNGRGVPEDDKEAAKWYQLAAEQGVADAQHILGLMYDNGRGVPEDDKEAVKWYRLAADQGIADAQYNLGVRYAKGRSVPEDDKEAAKWFRLAADQGHADAQSNLGLMYDNGRGVPEDDKEAVKWYRLAADKGDAKAQFILGWVYANGRGVPKDDKEAVKWYRLAADQGDAFAQYNLGLMYANGSGVLEDDKKAMKWYRRAAAQGDAFAQTNLGWMYDNGSGVPKDDKEAEKWYRLAAGQGNANAQFILGRMYDNGSGVPEDAKKAVKWYRLAAEQGDVFAQYKLGVMYAAGRGVPEDDKEAVKWYRLAAGQGNAKAQTNLGVMYDNGIGVPEDDKEAVKWYRLAAEQGVANAQYNLGVMYATGSGVLDDNKEAVKWYRLAADQGHAAAQYNLGLMYATGSGVPEDDKEALEQYRLSADQGNAKAQYNMGVMYDNGSGVPDDDKKAVKWYRLAAEQGDADAQYNLGVMYDNGEGVPDDDKS
H_sitiens_OTU_7	1783_scaffold3,102281,f4Z102281_1_29546_31201_+_gene_type=bacteria	PF08238	Sel1 repeat	4.4e-07	Sel1	Sel1	LWSGFSFGETSESDGLRSKADQGDATAQFILGLMYDTGESVPEDDKEAVKWYQLAAEQGVADAQYILGLMYDNGRGVPEDDKEAAKWYQLAAEQGVADAQHILGLMYDNGRGVPEDDKEAVKWYRLAADQGIADAQYNLGVRYAKGRSVPEDDKEAAKWFRLAADQGHADAQSNLGLMYDNGRGVPEDDKEAVKWYRLAADKGDAKAQFILGWVYANGRGVPKDDKEAVKWYRLAADQGDAFAQYNLGLMYANGSGVLEDDKKAMKWYRRAAAQGDAFAQTNLGWMYDNGSGVPKDDKEAEKWYRLAAGQGNANAQFILGRMYDNGSGVPEDAKKAVKWYRLAAEQGDVFAQYKLGVMYAAGRGVPEDDKEAVKWYRLAAGQGNAKAQTNLGVMYDNGIGVPEDDKEAVKWYRLAAEQGVANAQYNLGVMYATGSGVLDDNKEAVKWYRLAADQGHAAAQYNLGLMYATGSGVPEDDKEALEQYRLSADQGNAKAQYNMGVMYDNGSGVPDDDKKAVKWYRLAAEQGDADAQYNLGVMYDNGEGVPDDDKS
H_sitiens_OTU_7	1783_scaffold3,102281,f4Z102281_1_29546_31201_+_gene_type=bacteria	PF08238	Sel1 repeat	8.9e-08	Sel1	Sel1	LWSGFSFGETSESDGLRSKADQGDATAQFILGLMYDTGESVPEDDKEAVKWYQLAAEQGVADAQYILGLMYDNGRGVPEDDKEAAKWYQLAAEQGVADAQHILGLMYDNGRGVPEDDKEAVKWYRLAADQGIADAQYNLGVRYAKGRSVPEDDKEAAKWFRLAADQGHADAQSNLGLMYDNGRGVPEDDKEAVKWYRLAADKGDAKAQFILGWVYANGRGVPKDDKEAVKWYRLAADQGDAFAQYNLGLMYANGSGVLEDDKKAMKWYRRAAAQGDAFAQTNLGWMYDNGSGVPKDDKEAEKWYRLAAGQGNANAQFILGRMYDNGSGVPEDAKKAVKWYRLAAEQGDVFAQYKLGVMYAAGRGVPEDDKEAVKWYRLAAGQGNAKAQTNLGVMYDNGIGVPEDDKEAVKWYRLAAEQGVANAQYNLGVMYATGSGVLDDNKEAVKWYRLAADQGHAAAQYNLGLMYATGSGVPEDDKEALEQYRLSADQGNAKAQYNMGVMYDNGSGVPDDDKKAVKWYRLAAEQGDADAQYNLGVMYDNGEGVPDDDKS
H_sitiens_OTU_7	1783_scaffold3,102281,f4Z102281_1_29546_31201_+_gene_type=bacteria	PF08238	Sel1 repeat	9.7e-08	Sel1	Sel1	LWSGFSFGETSESDGLRSKADQGDATAQFILGLMYDTGESVPEDDKEAVKWYQLAAEQGVADAQYILGLMYDNGRGVPEDDKEAAKWYQLAAEQGVADAQHILGLMYDNGRGVPEDDKEAVKWYRLAADQGIADAQYNLGVRYAKGRSVPEDDKEAAKWFRLAADQGHADAQSNLGLMYDNGRGVPEDDKEAVKWYRLAADKGDAKAQFILGWVYANGRGVPKDDKEAVKWYRLAADQGDAFAQYNLGLMYANGSGVLEDDKKAMKWYRRAAAQGDAFAQTNLGWMYDNGSGVPKDDKEAEKWYRLAAGQGNANAQFILGRMYDNGSGVPEDAKKAVKWYRLAAEQGDVFAQYKLGVMYAAGRGVPEDDKEAVKWYRLAAGQGNAKAQTNLGVMYDNGIGVPEDDKEAVKWYRLAAEQGVANAQYNLGVMYATGSGVLDDNKEAVKWYRLAADQGHAAAQYNLGLMYATGSGVPEDDKEALEQYRLSADQGNAKAQYNMGVMYDNGSGVPDDDKKAVKWYRLAAEQGDADAQYNLGVMYDNGEGVPDDDKS
H_sitiens_OTU_7	1783_scaffold3,102281,f4Z102281_1_29546_31201_+_gene_type=bacteria	PF08238	Sel1 repeat	13.0	-	-	LWSGFSFGETSESDGLRSKADQGDATAQFILGLMYDTGESVPEDDKEAVKWYQLAAEQGVADAQYILGLMYDNGRGVPEDDKEAAKWYQLAAEQGVADAQHILGLMYDNGRGVPEDDKEAVKWYRLAADQGIADAQYNLGVRYAKGRSVPEDDKEAAKWFRLAADQGHADAQSNLGLMYDNGRGVPEDDKEAVKWYRLAADKGDAKAQFILGWVYANGRGVPKDDKEAVKWYRLAADQGDAFAQYNLGLMYANGSGVLEDDKKAMKWYRRAAAQGDAFAQTNLGWMYDNGSGVPKDDKEAEKWYRLAAGQGNANAQFILGRMYDNGSGVPEDAKKAVKWYRLAAEQGDVFAQYKLGVMYAAGRGVPEDDKEAVKWYRLAAGQGNAKAQTNLGVMYDNGIGVPEDDKEAVKWYRLAAEQGVANAQYNLGVMYATGSGVLDDNKEAVKWYRLAADQGHAAAQYNLGLMYATGSGVPEDDKEALEQYRLSADQGNAKAQYNMGVMYDNGSGVPDDDKKAVKWYRLAAEQGDADAQYNLGVMYDNGEGVPDDDKS
H_sitiens_OTU_7	1783_scaffold3,102281,f4Z102281_1_29546_31201_+_gene_type=bacteria	PF08238	Sel1 repeat	4.4e-06	Sel1	Sel1	LWSGFSFGETSESDGLRSKADQGDATAQFILGLMYDTGESVPEDDKEAVKWYQLAAEQGVADAQYILGLMYDNGRGVPEDDKEAAKWYQLAAEQGVADAQHILGLMYDNGRGVPEDDKEAVKWYRLAADQGIADAQYNLGVRYAKGRSVPEDDKEAAKWFRLAADQGHADAQSNLGLMYDNGRGVPEDDKEAVKWYRLAADKGDAKAQFILGWVYANGRGVPKDDKEAVKWYRLAADQGDAFAQYNLGLMYANGSGVLEDDKKAMKWYRRAAAQGDAFAQTNLGWMYDNGSGVPKDDKEAEKWYRLAAGQGNANAQFILGRMYDNGSGVPEDAKKAVKWYRLAAEQGDVFAQYKLGVMYAAGRGVPEDDKEAVKWYRLAAGQGNAKAQTNLGVMYDNGIGVPEDDKEAVKWYRLAAEQGVANAQYNLGVMYATGSGVLDDNKEAVKWYRLAADQGHAAAQYNLGLMYATGSGVPEDDKEALEQYRLSADQGNAKAQYNMGVMYDNGSGVPDDDKKAVKWYRLAAEQGDADAQYNLGVMYDNGEGVPDDDKS
H_sitiens_OTU_7	1783_scaffold3,102281,f4Z102281_1_29546_31201_+_gene_type=bacteria	PF08238	Sel1 repeat	0.00039	Sel1	Sel1	LWSGFSFGETSESDGLRSKADQGDATAQFILGLMYDTGESVPEDDKEAVKWYQLAAEQGVADAQYILGLMYDNGRGVPEDDKEAAKWYQLAAEQGVADAQHILGLMYDNGRGVPEDDKEAVKWYRLAADQGIADAQYNLGVRYAKGRSVPEDDKEAAKWFRLAADQGHADAQSNLGLMYDNGRGVPEDDKEAVKWYRLAADKGDAKAQFILGWVYANGRGVPKDDKEAVKWYRLAADQGDAFAQYNLGLMYANGSGVLEDDKKAMKWYRRAAAQGDAFAQTNLGWMYDNGSGVPKDDKEAEKWYRLAAGQGNANAQFILGRMYDNGSGVPEDAKKAVKWYRLAAEQGDVFAQYKLGVMYAAGRGVPEDDKEAVKWYRLAAGQGNAKAQTNLGVMYDNGIGVPEDDKEAVKWYRLAAEQGVANAQYNLGVMYATGSGVLDDNKEAVKWYRLAADQGHAAAQYNLGLMYATGSGVPEDDKEALEQYRLSADQGNAKAQYNMGVMYDNGSGVPDDDKKAVKWYRLAAEQGDADAQYNLGVMYDNGEGVPDDDKS
H_sitiens_OTU_7	1783_scaffold3,102281,f4Z102281_1_29546_31201_+_gene_type=bacteria	PF08238	Sel1 repeat	1.4e-06	Sel1	Sel1	LWSGFSFGETSESDGLRSKADQGDATAQFILGLMYDTGESVPEDDKEAVKWYQLAAEQGVADAQYILGLMYDNGRGVPEDDKEAAKWYQLAAEQGVADAQHILGLMYDNGRGVPEDDKEAVKWYRLAADQGIADAQYNLGVRYAKGRSVPEDDKEAAKWFRLAADQGHADAQSNLGLMYDNGRGVPEDDKEAVKWYRLAADKGDAKAQFILGWVYANGRGVPKDDKEAVKWYRLAADQGDAFAQYNLGLMYANGSGVLEDDKKAMKWYRRAAAQGDAFAQTNLGWMYDNGSGVPKDDKEAEKWYRLAAGQGNANAQFILGRMYDNGSGVPEDAKKAVKWYRLAAEQGDVFAQYKLGVMYAAGRGVPEDDKEAVKWYRLAAGQGNAKAQTNLGVMYDNGIGVPEDDKEAVKWYRLAAEQGVANAQYNLGVMYATGSGVLDDNKEAVKWYRLAADQGHAAAQYNLGLMYATGSGVPEDDKEALEQYRLSADQGNAKAQYNMGVMYDNGSGVPDDDKKAVKWYRLAAEQGDADAQYNLGVMYDNGEGVPDDDKS
H_sitiens_OTU_7	1783_scaffold3,102281,f4Z102281_1_29546_31201_+_gene_type=bacteria	PF08238	Sel1 repeat	6.6e-07	Sel1	Sel1	LWSGFSFGETSESDGLRSKADQGDATAQFILGLMYDTGESVPEDDKEAVKWYQLAAEQGVADAQYILGLMYDNGRGVPEDDKEAAKWYQLAAEQGVADAQHILGLMYDNGRGVPEDDKEAVKWYRLAADQGIADAQYNLGVRYAKGRSVPEDDKEAAKWFRLAADQGHADAQSNLGLMYDNGRGVPEDDKEAVKWYRLAADKGDAKAQFILGWVYANGRGVPKDDKEAVKWYRLAADQGDAFAQYNLGLMYANGSGVLEDDKKAMKWYRRAAAQGDAFAQTNLGWMYDNGSGVPKDDKEAEKWYRLAAGQGNANAQFILGRMYDNGSGVPEDAKKAVKWYRLAAEQGDVFAQYKLGVMYAAGRGVPEDDKEAVKWYRLAAGQGNAKAQTNLGVMYDNGIGVPEDDKEAVKWYRLAAEQGVANAQYNLGVMYATGSGVLDDNKEAVKWYRLAADQGHAAAQYNLGLMYATGSGVPEDDKEALEQYRLSADQGNAKAQYNMGVMYDNGSGVPDDDKKAVKWYRLAAEQGDADAQYNLGVMYDNGEGVPDDDKS
H_sitiens_OTU_7	1783_scaffold3,102281,f4Z102281_1_29546_31201_+_gene_type=bacteria	PF08238	Sel1 repeat	1.3e-08	Sel1	Sel1	LWSGFSFGETSESDGLRSKADQGDATAQFILGLMYDTGESVPEDDKEAVKWYQLAAEQGVADAQYILGLMYDNGRGVPEDDKEAAKWYQLAAEQGVADAQHILGLMYDNGRGVPEDDKEAVKWYRLAADQGIADAQYNLGVRYAKGRSVPEDDKEAAKWFRLAADQGHADAQSNLGLMYDNGRGVPEDDKEAVKWYRLAADKGDAKAQFILGWVYANGRGVPKDDKEAVKWYRLAADQGDAFAQYNLGLMYANGSGVLEDDKKAMKWYRRAAAQGDAFAQTNLGWMYDNGSGVPKDDKEAEKWYRLAAGQGNANAQFILGRMYDNGSGVPEDAKKAVKWYRLAAEQGDVFAQYKLGVMYAAGRGVPEDDKEAVKWYRLAAGQGNAKAQTNLGVMYDNGIGVPEDDKEAVKWYRLAAEQGVANAQYNLGVMYATGSGVLDDNKEAVKWYRLAADQGHAAAQYNLGLMYATGSGVPEDDKEALEQYRLSADQGNAKAQYNMGVMYDNGSGVPDDDKKAVKWYRLAAEQGDADAQYNLGVMYDNGEGVPDDDKS
H_sitiens_OTU_7	1783_scaffold3,102281,f4Z102281_1_29546_31201_+_gene_type=bacteria	PF08238	Sel1 repeat	5.1e-08	Sel1	Sel1	LWSGFSFGETSESDGLRSKADQGDATAQFILGLMYDTGESVPEDDKEAVKWYQLAAEQGVADAQYILGLMYDNGRGVPEDDKEAAKWYQLAAEQGVADAQHILGLMYDNGRGVPEDDKEAVKWYRLAADQGIADAQYNLGVRYAKGRSVPEDDKEAAKWFRLAADQGHADAQSNLGLMYDNGRGVPEDDKEAVKWYRLAADKGDAKAQFILGWVYANGRGVPKDDKEAVKWYRLAADQGDAFAQYNLGLMYANGSGVLEDDKKAMKWYRRAAAQGDAFAQTNLGWMYDNGSGVPKDDKEAEKWYRLAAGQGNANAQFILGRMYDNGSGVPEDAKKAVKWYRLAAEQGDVFAQYKLGVMYAAGRGVPEDDKEAVKWYRLAAGQGNAKAQTNLGVMYDNGIGVPEDDKEAVKWYRLAAEQGVANAQYNLGVMYATGSGVLDDNKEAVKWYRLAADQGHAAAQYNLGLMYATGSGVPEDDKEALEQYRLSADQGNAKAQYNMGVMYDNGSGVPDDDKKAVKWYRLAAEQGDADAQYNLGVMYDNGEGVPDDDKS
H_sitiens_OTU_7	1783_scaffold3,102281,f4Z102281_1_29546_31201_+_gene_type=bacteria	PF08238	Sel1 repeat	2.2e-06	Sel1	Sel1	LWSGFSFGETSESDGLRSKADQGDATAQFILGLMYDTGESVPEDDKEAVKWYQLAAEQGVADAQYILGLMYDNGRGVPEDDKEAAKWYQLAAEQGVADAQHILGLMYDNGRGVPEDDKEAVKWYRLAADQGIADAQYNLGVRYAKGRSVPEDDKEAAKWFRLAADQGHADAQSNLGLMYDNGRGVPEDDKEAVKWYRLAADKGDAKAQFILGWVYANGRGVPKDDKEAVKWYRLAADQGDAFAQYNLGLMYANGSGVLEDDKKAMKWYRRAAAQGDAFAQTNLGWMYDNGSGVPKDDKEAEKWYRLAAGQGNANAQFILGRMYDNGSGVPEDAKKAVKWYRLAAEQGDVFAQYKLGVMYAAGRGVPEDDKEAVKWYRLAAGQGNAKAQTNLGVMYDNGIGVPEDDKEAVKWYRLAAEQGVANAQYNLGVMYATGSGVLDDNKEAVKWYRLAADQGHAAAQYNLGLMYATGSGVPEDDKEALEQYRLSADQGNAKAQYNMGVMYDNGSGVPDDDKKAVKWYRLAAEQGDADAQYNLGVMYDNGEGVPDDDKS
H_sitiens_OTU_7	1783_scaffold3,102281,f4Z102281_1_29546_31201_+_gene_type=bacteria	PF08238	Sel1 repeat	1e-07	Sel1	Sel1	LWSGFSFGETSESDGLRSKADQGDATAQFILGLMYDTGESVPEDDKEAVKWYQLAAEQGVADAQYILGLMYDNGRGVPEDDKEAAKWYQLAAEQGVADAQHILGLMYDNGRGVPEDDKEAVKWYRLAADQGIADAQYNLGVRYAKGRSVPEDDKEAAKWFRLAADQGHADAQSNLGLMYDNGRGVPEDDKEAVKWYRLAADKGDAKAQFILGWVYANGRGVPKDDKEAVKWYRLAADQGDAFAQYNLGLMYANGSGVLEDDKKAMKWYRRAAAQGDAFAQTNLGWMYDNGSGVPKDDKEAEKWYRLAAGQGNANAQFILGRMYDNGSGVPEDAKKAVKWYRLAAEQGDVFAQYKLGVMYAAGRGVPEDDKEAVKWYRLAAGQGNAKAQTNLGVMYDNGIGVPEDDKEAVKWYRLAAEQGVANAQYNLGVMYATGSGVLDDNKEAVKWYRLAADQGHAAAQYNLGLMYATGSGVPEDDKEALEQYRLSADQGNAKAQYNMGVMYDNGSGVPDDDKKAVKWYRLAAEQGDADAQYNLGVMYDNGEGVPDDDKS
H_sitiens_OTU_7	2525_scaffold39,26859,f169Z26859_1_14886_16751_+_gene_type=bacteria	PF13469	Sulfotransferase family	9.4e-46	-	-	MHAVCLRYLGHLDDAFLGLTRLQKDFPLFSRAFQEEGHLQVARADVDAALRAYQHATRLNPALLASWKGQLAIFSQQGNQAAINQIKPQFERVGQLPRILLAVMDLVSQGKLIRAEDMCRQFLQKAPRHVEGMRLLADIGIKLGVLDDAEFLLESAVLIAPDHVAARIDYIEVLRKRQRFEAALMEAEKLLSTNPASPQFQSLYAIVCMQTGDYSRALEFFDRILAVVPADPGTLTSRGHALKTIGQTEDAVESYRQAMAHHPEHGEAYFSLANLKTYTFSDLELEMMQEQEDNSLSTPLDQIHIKFALGKAFEDRKAFSLSFDQYAQGNALKKGQSRYSTEQMLEEFEGQKRICTSELLSRRHETGCDAPDPIFITGLPRAGSTLLEQILASHSQVDGTLELPNIIALSHRLRRNDRSSATAKYPDVLAQLTDEQLKGMGETYLRDTNIHRAGAPFFIDKMPNNFRHIGLIKLILPNAKIIDARRHPMACCWSGFKQLFAEGQEFTYSLEDIGHYYRGYIDLMNHWHEVLPGEILTVQHSQVVDDLEIEVKRILDFCNLPFEQSCLEFYNTERSIRTPSSEQVRRPIFRDSIDAWQDYAAWLEPLKESLGKDIRESYNIA
H_sitiens_OTU_7	2525_scaffold39,26859,f169Z26859_1_14886_16751_+_gene_type=bacteria	PF13432	Tetratricopeptide repeat	6.6	-	-	MHAVCLRYLGHLDDAFLGLTRLQKDFPLFSRAFQEEGHLQVARADVDAALRAYQHATRLNPALLASWKGQLAIFSQQGNQAAINQIKPQFERVGQLPRILLAVMDLVSQGKLIRAEDMCRQFLQKAPRHVEGMRLLADIGIKLGVLDDAEFLLESAVLIAPDHVAARIDYIEVLRKRQRFEAALMEAEKLLSTNPASPQFQSLYAIVCMQTGDYSRALEFFDRILAVVPADPGTLTSRGHALKTIGQTEDAVESYRQAMAHHPEHGEAYFSLANLKTYTFSDLELEMMQEQEDNSLSTPLDQIHIKFALGKAFEDRKAFSLSFDQYAQGNALKKGQSRYSTEQMLEEFEGQKRICTSELLSRRHETGCDAPDPIFITGLPRAGSTLLEQILASHSQVDGTLELPNIIALSHRLRRNDRSSATAKYPDVLAQLTDEQLKGMGETYLRDTNIHRAGAPFFIDKMPNNFRHIGLIKLILPNAKIIDARRHPMACCWSGFKQLFAEGQEFTYSLEDIGHYYRGYIDLMNHWHEVLPGEILTVQHSQVVDDLEIEVKRILDFCNLPFEQSCLEFYNTERSIRTPSSEQVRRPIFRDSIDAWQDYAAWLEPLKESLGKDIRESYNIA
H_sitiens_OTU_7	2525_scaffold39,26859,f169Z26859_1_14886_16751_+_gene_type=bacteria	PF14559	Tetratricopeptide repeat	0.0021	TPR_19	TPR	MHAVCLRYLGHLDDAFLGLTRLQKDFPLFSRAFQEEGHLQVARADVDAALRAYQHATRLNPALLASWKGQLAIFSQQGNQAAINQIKPQFERVGQLPRILLAVMDLVSQGKLIRAEDMCRQFLQKAPRHVEGMRLLADIGIKLGVLDDAEFLLESAVLIAPDHVAARIDYIEVLRKRQRFEAALMEAEKLLSTNPASPQFQSLYAIVCMQTGDYSRALEFFDRILAVVPADPGTLTSRGHALKTIGQTEDAVESYRQAMAHHPEHGEAYFSLANLKTYTFSDLELEMMQEQEDNSLSTPLDQIHIKFALGKAFEDRKAFSLSFDQYAQGNALKKGQSRYSTEQMLEEFEGQKRICTSELLSRRHETGCDAPDPIFITGLPRAGSTLLEQILASHSQVDGTLELPNIIALSHRLRRNDRSSATAKYPDVLAQLTDEQLKGMGETYLRDTNIHRAGAPFFIDKMPNNFRHIGLIKLILPNAKIIDARRHPMACCWSGFKQLFAEGQEFTYSLEDIGHYYRGYIDLMNHWHEVLPGEILTVQHSQVVDDLEIEVKRILDFCNLPFEQSCLEFYNTERSIRTPSSEQVRRPIFRDSIDAWQDYAAWLEPLKESLGKDIRESYNIA
